JobID,JobName,StartHour,DayOfWeek,Month,ExecutionTime_sec,RecordsProcessed,CPULoad_percent,MemoryUsage_MB,PreviousFailures,Priority,IsCritical,JobFailed
SAP_JOB_0,Z_MM_STOCK_RECONCILIATION,2,3,8,3850,26780,45,1024,1,2,0,0
SAP_JOB_1,RSMON000_ALERTMONITOR_RUN,19,5,11,680,45050,70,1780,0,1,1,0
SAP_JOB_2,Z_PP_MRP_RUN,1,2,5,150,15,92,3050,4,1,1,1
SAP_JOB_3,Z_BC_SYSTEM_HEALTH_CHECK,22,7,3,1250,100000,30,512,0,3,0,0
SAP_JOB_4,RBDAPP01_IDOC_PROCESSING,5,4,9,4500,88000,65,1530,2,2,0,0
SAP_JOB_5,Z_BW_DATA_LOAD_DAILY,3,6,1,8800,5,95,3800,5,1,1,1
SAP_JOB_6,Z_HR_PAYROLL_RUN,0,1,7,6500,5000,55,2048,1,1,1,0
SAP_JOB_7,RSCOLL00_STATS_COLLECTOR,4,3,12,280,35000,40,880,0,2,0,0
SAP_JOB_8,RDDIMPDP_TRANSPORT_IMPORT,21,5,2,120,0,88,2900,3,1,1,1
SAP_JOB_9,Z_FI_MONTH_END_CLOSING,23,7,10,7100,120000,60,2200,0,1,1,0
SAP_JOB_10,Z_SD_DAILY_SALES_REPORT,2,2,4,300,25000,50,1150,1,2,0,0
SAP_JOB_11,SAP_CCMS_MONITORING_BATCH,1,4,6,950,75000,35,750,0,3,0,0
SAP_JOB_12,Z_XI_MESSAGE_MONITORING,0,6,8,9500,10,93,3300,6,1,0,1
SAP_JOB_13,RSN3_AGGR_REPAIR_BW,3,1,11,5200,40000,72,1900,2,2,0,0
SAP_JOB_14,Z_APO_FORECAST_GENERATION,20,3,1,4800,6500,58,1600,1,1,1,0
SAP_JOB_15,RFBILA00_BALANCE_SHEET,22,5,5,6900,95000,68,2100,0,1,1,0
SAP_JOB_16,RSBTCDEL_DELETE_OLD_JOBS,4,7,9,550,200000,25,450,0,3,0,0
SAP_JOB_17,Z_CRM_LEAD_PROCESSING,18,2,2,2800,15000,48,1300,1,2,0,0
SAP_JOB_18,RSSTAT83_PERF_ANALYSIS,1,4,7,1800,0,85,2500,3,2,0,1
SAP_JOB_19,RSAL_BATCH_TOOL_DISPATCH,5,6,12,750,50000,33,600,0,3,0,0
SAP_JOB_20,Z_MM_STOCK_RECONCILIATION,23,1,3,25,0,90,2800,4,1,0,1
SAP_JOB_21,RSMON000_ALERTMONITOR_RUN,0,3,8,720,48000,68,1700,1,1,1,0
SAP_JOB_22,Z_PP_MRP_RUN,2,5,1,3900,3000,62,1850,2,1,1,0
SAP_JOB_23,Z_BC_SYSTEM_HEALTH_CHECK,21,7,6,1100,110000,28,480,0,3,0,0
SAP_JOB_24,RBDAPP01_IDOC_PROCESSING,3,2,10,10050,45,96,3950,7,1,1,1
SAP_JOB_25,Z_BW_DATA_LOAD_DAILY,4,4,4,5800,22000,75,2400,3,1,1,0
SAP_JOB_26,Z_HR_PAYROLL_RUN,1,6,9,6700,5200,53,1980,0,1,1,0
SAP_JOB_27,RSCOLL00_STATS_COLLECTOR,2,1,1,290,33000,42,920,1,2,0,0
SAP_JOB_28,RDDIMPDP_TRANSPORT_IMPORT,23,3,5,450,65000,60,1400,0,1,1,0
SAP_JOB_29,Z_FI_MONTH_END_CLOSING,0,5,10,7000,125000,61,2250,1,1,1,0
SAP_JOB_30,Z_SD_DAILY_SALES_REPORT,3,7,2,3200,26000,51,1180,0,2,0,0
SAP_JOB_31,SAP_CCMS_MONITORING_BATCH,20,2,7,980,78000,36,780,0,3,0,0
SAP_JOB_32,Z_XI_MESSAGE_MONITORING,1,4,12,150,12,89,3150,5,1,0,1
SAP_JOB_33,RSN3_AGGR_REPAIR_BW,4,6,3,5000,38000,70,1880,1,2,0,0
SAP_JOB_34,Z_APO_FORECAST_GENERATION,22,1,8,8200,2,94,3500,4,1,1,1
SAP_JOB_35,RFBILA00_BALANCE_SHEET,0,3,1,6800,92000,67,2050,0,1,1,0
SAP_JOB_36,RSBTCDEL_DELETE_OLD_JOBS,5,5,6,520,190000,26,430,0,3,0,0
SAP_JOB_37,Z_CRM_LEAD_PROCESSING,19,7,11,2900,16000,49,1350,2,2,0,0
SAP_JOB_38,RSSTAT83_PERF_ANALYSIS,2,2,4,4200,42000,78,2300,2,2,0,0
SAP_JOB_39,RSAL_BATCH_TOOL_DISPATCH,3,4,9,780,52000,34,620,0,3,0,0
SAP_JOB_40,Z_MM_STOCK_RECONCILIATION,1,6,2,3700,25000,43,980,0,2,0,0
SAP_JOB_41,RSMON000_ALERTMONITOR_RUN,23,1,7,650,43000,69,1750,1,1,1,0
SAP_JOB_42,Z_PP_MRP_RUN,0,3,12,120,5,91,2950,5,1,1,1
SAP_JOB_43,Z_BC_SYSTEM_HEALTH_CHECK,22,5,5,1300,105000,31,500,0,3,0,0
SAP_JOB_44,RBDAPP01_IDOC_PROCESSING,4,7,10,4700,90000,66,1580,1,2,0,0
SAP_JOB_45,Z_BW_DATA_LOAD_DAILY,2,2,3,11000,0,98,4050,8,1,1,1
SAP_JOB_46,Z_HR_PAYROLL_RUN,5,4,8,6600,5100,54,2000,0,1,1,0
SAP_JOB_47,RSCOLL00_STATS_COLLECTOR,1,6,1,310,36000,41,900,0,2,0,0
SAP_JOB_48,RDDIMPDP_TRANSPORT_IMPORT,20,1,6,400,60000,58,1300,0,1,1,0
SAP_JOB_49,Z_FI_MONTH_END_CLOSING,23,3,11,7200,130000,63,2300,0,1,1,0
SAP_JOB_50,Z_SD_DAILY_SALES_REPORT,2,5,4,3100,24000,49,1100,0,2,0,0
SAP_JOB_51,SAP_CCMS_MONITORING_BATCH,0,7,9,920,72000,34,720,0,3,0,0
SAP_JOB_52,Z_XI_MESSAGE_MONITORING,3,2,2,80,8,87,2800,4,1,0,1
SAP_JOB_53,RSN3_AGGR_REPAIR_BW,19,4,7,5400,42000,73,1950,2,2,0,0
SAP_JOB_54,Z_APO_FORECAST_GENERATION,4,6,12,5000,6800,60,1650,1,1,1,0
SAP_JOB_55,RFBILA00_BALANCE_SHEET,21,1,5,6700,90000,66,2000,0,1,1,0
SAP_JOB_56,RSBTCDEL_DELETE_OLD_JOBS,1,3,10,580,210000,27,470,0,3,0,0
SAP_JOB_57,Z_CRM_LEAD_PROCESSING,2,5,3,2700,14000,47,1250,0,2,0,0
SAP_JOB_58,RSSTAT83_PERF_ANALYSIS,0,7,8,15000,10,97,3700,6,2,0,1
SAP_JOB_59,RSAL_BATCH_TOOL_DISPATCH,23,2,1,720,48000,32,580,0,3,0,0
SAP_JOB_60,Z_MM_STOCK_RECONCILIATION,5,4,6,3950,27000,46,1050,1,2,0,0
SAP_JOB_61,RSMON000_ALERTMONITOR_RUN,18,6,11,700,46000,71,1800,0,1,1,0
SAP_JOB_62,Z_PP_MRP_RUN,2,1,4,180,18,93,3100,3,1,1,1
SAP_JOB_63,Z_BC_SYSTEM_HEALTH_CHECK,20,3,9,1200,98000,29,490,0,3,0,0
SAP_JOB_64,RBDAPP01_IDOC_PROCESSING,3,5,2,4600,85000,64,1500,1,2,0,0
SAP_JOB_65,Z_BW_DATA_LOAD_DAILY,1,7,7,6000,25000,78,2600,4,1,1,0
SAP_JOB_66,Z_HR_PAYROLL_RUN,4,2,12,6400,4900,52,1950,0,1,1,0
SAP_JOB_67,RSCOLL00_STATS_COLLECTOR,0,4,5,270,34000,39,850,0,2,0,0
SAP_JOB_68,RDDIMPDP_TRANSPORT_IMPORT,22,6,10,17000,0,99,4000,9,1,1,1
SAP_JOB_69,Z_FI_MONTH_END_CLOSING,1,1,3,7050,122000,60,2220,0,1,1,0
SAP_JOB_70,Z_SD_DAILY_SALES_REPORT,23,3,8,3300,27000,52,1220,1,2,0,0
SAP_JOB_71,SAP_CCMS_MONITORING_BATCH,5,5,1,1000,80000,37,800,0,3,0,0
SAP_JOB_72,Z_XI_MESSAGE_MONITORING,2,7,6,9000,7,91,3200,5,1,0,1
SAP_JOB_73,RSN3_AGGR_REPAIR_BW,19,2,11,5100,39000,69,1860,1,2,0,0
SAP_JOB_74,Z_APO_FORECAST_GENERATION,0,4,4,4900,6600,59,1630,0,1,1,0
SAP_JOB_75,RFBILA00_BALANCE_SHEET,21,6,9,7000,98000,70,2180,0,1,1,0
SAP_JOB_76,RSBTCDEL_DELETE_OLD_JOBS,3,1,2,500,180000,24,410,0,3,0,0
SAP_JOB_77,Z_CRM_LEAD_PROCESSING,1,3,7,3000,17000,50,1400,2,2,0,0
SAP_JOB_78,RSSTAT83_PERF_ANALYSIS,4,5,12,4000,40000,76,2200,1,2,0,0
SAP_JOB_79,RSAL_BATCH_TOOL_DISPATCH,20,7,5,800,55000,35,650,0,3,0,0
SAP_JOB_80,Z_MM_STOCK_RECONCILIATION,2,2,10,3800,26000,44,1000,0,2,0,0
SAP_JOB_81,RSMON000_ALERTMONITOR_RUN,22,4,3,670,44000,68,1720,0,1,1,0
SAP_JOB_82,Z_PP_MRP_RUN,0,6,8,50,2,86,2700,2,1,1,1
SAP_JOB_83,Z_BC_SYSTEM_HEALTH_CHECK,5,1,1,1150,102000,27,460,0,3,0,0
SAP_JOB_84,RBDAPP01_IDOC_PROCESSING,1,3,6,4400,82000,63,1450,0,2,0,0
SAP_JOB_85,Z_BW_DATA_LOAD_DAILY,23,5,11,120,0,94,3400,6,1,1,1
SAP_JOB_86,Z_HR_PAYROLL_RUN,3,7,4,6800,5300,55,2050,1,1,1,0
SAP_JOB_87,RSCOLL00_STATS_COLLECTOR,20,2,9,300,32000,38,820,0,2,0,0
SAP_JOB_88,RDDIMPDP_TRANSPORT_IMPORT,4,4,2,420,62000,59,1350,1,1,1,0
SAP_JOB_89,Z_FI_MONTH_END_CLOSING,1,6,7,7150,128000,62,2280,0,1,1,0
SAP_JOB_90,Z_SD_DAILY_SALES_REPORT,22,1,12,3400,28000,53,1250,0,2,0,0
SAP_JOB_91,SAP_CCMS_MONITORING_BATCH,0,3,5,900,70000,33,700,0,3,0,0
SAP_JOB_92,Z_XI_MESSAGE_MONITORING,3,5,10,9800,15,95,3600,7,1,0,1
SAP_JOB_93,RSN3_AGGR_REPAIR_BW,5,7,3,5300,41000,71,1920,2,2,0,0
SAP_JOB_94,Z_APO_FORECAST_GENERATION,19,2,8,4700,6400,57,1580,0,1,1,0
SAP_JOB_95,RFBILA00_BALANCE_SHEET,2,4,1,7100,96000,69,2150,1,1,1,0
SAP_JOB_96,RSBTCDEL_DELETE_OLD_JOBS,23,6,6,560,205000,28,490,0,3,0,0
SAP_JOB_97,Z_CRM_LEAD_PROCESSING,1,1,11,2600,13000,46,1200,0,2,0,0
SAP_JOB_98,RSSTAT83_PERF_ANALYSIS,20,3,4,160,20,89,2750,4,2,0,1
SAP_JOB_99,RSAL_BATCH_TOOL_DISPATCH,4,5,9,700,47000,31,550,0,3,0,0
SAP_JOB_100,Z_HR_PAYROLL_RUN,19,5,11,3125,14065,96,586,1,3,0,0
SAP_JOB_101,SAP_CCMS_MONITORING_BATCH,5,2,12,505,114249,85,3641,1,1,0,0
SAP_JOB_102,RFBILA00_BALANCE_SHEET,14,6,3,1064,49266,60,902,0,3,0,0
SAP_JOB_103,RSN3_AGGR_REPAIR_BW,17,2,9,132,60666,11,1619,0,3,0,0
SAP_JOB_104,Z_PP_MRP_RUN,13,1,4,502,36597,63,1385,1,2,1,0
SAP_JOB_105,Z_BC_SYSTEM_HEALTH_CHECK,13,7,8,1790,95727,71,2599,2,2,1,0
SAP_JOB_106,Z_XI_MESSAGE_MONITORING,8,5,1,131,0,17,1751,0,3,1,0
SAP_JOB_107,Z_MM_STOCK_RECONCILIATION,4,2,7,2205,8996,37,2438,2,3,0,0
SAP_JOB_108,Z_PP_MRP_RUN,11,6,11,1747,59805,12,1284,2,1,1,0
SAP_JOB_109,Z_XI_MESSAGE_MONITORING,18,7,7,1390,47566,13,2013,0,3,0,0
SAP_JOB_110,Z_BC_SYSTEM_HEALTH_CHECK,12,7,11,2473,58791,71,3316,2,2,1,0
SAP_JOB_111,Z_HR_PAYROLL_RUN,0,1,9,2186,76898,86,2024,0,2,0,0
SAP_JOB_112,RBDAPP01_IDOC_PROCESSING,0,3,10,923,45161,97,3560,1,2,1,0
SAP_JOB_113,RSMON000_ALERTMONITOR_RUN,2,1,5,770,62121,90,954,1,2,0,0
SAP_JOB_114,Z_MM_STOCK_RECONCILIATION,18,6,2,1614,108951,77,3766,1,3,1,0
SAP_JOB_115,RSMON000_ALERTMONITOR_RUN,5,6,11,3490,0,25,864,0,3,0,0
SAP_JOB_116,RSAL_BATCH_TOOL_DISPATCH,3,3,10,1535,69472,61,744,1,2,1,0
SAP_JOB_117,Z_CRM_LEAD_PROCESSING,22,7,10,696,13313,25,2649,2,1,0,0
SAP_JOB_118,RBDAPP01_IDOC_PROCESSING,22,1,9,959,65658,33,2357,2,2,0,0
SAP_JOB_119,RFBILA00_BALANCE_SHEET,2,1,2,450,58909,91,4033,2,1,0,0
SAP_JOB_120,RFBILA00_BALANCE_SHEET,19,7,3,2243,23970,95,3702,0,2,1,0
SAP_JOB_121,RSCOLL00_STATS_COLLECTOR,1,5,1,1820,54375,73,1760,0,1,0,0
SAP_JOB_122,RSBTCDEL_DELETE_OLD_JOBS,16,4,12,1369,68209,46,2583,0,2,1,0
SAP_JOB_123,Z_MM_STOCK_RECONCILIATION,19,7,5,523,39532,42,3583,1,2,1,0
SAP_JOB_124,RSCOLL00_STATS_COLLECTOR,13,2,6,988,24342,99,1040,1,2,0,0
SAP_JOB_125,Z_PP_MRP_RUN,17,1,8,4989,19188,16,291,2,2,1,0
SAP_JOB_126,RSMON000_ALERTMONITOR_RUN,1,7,6,895,54495,58,1971,0,3,0,0
SAP_JOB_127,Z_MM_STOCK_RECONCILIATION,7,5,12,586,54227,14,1382,0,1,0,0
SAP_JOB_128,Z_PP_MRP_RUN,22,4,2,1552,81440,72,2066,1,1,0,0
SAP_JOB_129,RDDIMPDP_TRANSPORT_IMPORT,11,5,1,480,31142,10,4078,0,2,0,0
SAP_JOB_130,Z_XI_MESSAGE_MONITORING,20,1,7,2240,99663,76,3403,1,2,0,0
SAP_JOB_131,RBDAPP01_IDOC_PROCESSING,14,1,4,485,36112,25,2521,2,2,0,0
SAP_JOB_132,Z_FI_MONTH_END_CLOSING,21,5,4,192,93238,67,1887,2,3,1,0
SAP_JOB_133,RSAL_BATCH_TOOL_DISPATCH,23,4,2,1803,6924,42,1212,2,1,0,0
SAP_JOB_134,Z_XI_MESSAGE_MONITORING,11,7,2,179,3688,99,1031,1,2,1,0
SAP_JOB_135,Z_BC_SYSTEM_HEALTH_CHECK,20,2,11,4298,83506,45,984,1,2,0,0
SAP_JOB_136,Z_PP_MRP_RUN,16,3,4,1030,29923,71,4063,2,1,0,0
SAP_JOB_137,RSBTCDEL_DELETE_OLD_JOBS,19,1,6,806,84858,28,2480,0,1,1,1
SAP_JOB_138,Z_HR_PAYROLL_RUN,13,7,4,1803,25453,21,3352,1,1,1,0
SAP_JOB_139,Z_XI_MESSAGE_MONITORING,20,2,10,218,112771,14,3490,1,2,1,0
SAP_JOB_140,SAP_CCMS_MONITORING_BATCH,16,5,6,275,37000,59,3098,1,1,0,0
SAP_JOB_141,Z_XI_MESSAGE_MONITORING,0,6,4,640,56114,80,472,1,3,0,0
SAP_JOB_142,Z_HR_PAYROLL_RUN,9,2,3,335,40930,67,1939,0,1,1,0
SAP_JOB_143,Z_PP_MRP_RUN,12,4,9,1039,49863,34,1079,1,2,0,0
SAP_JOB_144,Z_APO_FORECAST_GENERATION,20,6,5,10013,52930,29,3768,1,2,0,0
SAP_JOB_145,Z_PP_MRP_RUN,15,7,9,5036,26809,83,3039,0,2,0,0
SAP_JOB_146,RSCOLL00_STATS_COLLECTOR,3,2,8,971,27226,50,995,3,1,0,0
SAP_JOB_147,RSN3_AGGR_REPAIR_BW,2,5,6,6083,54511,78,2094,1,2,1,1
SAP_JOB_148,Z_MM_STOCK_RECONCILIATION,21,1,2,8828,58864,72,1496,3,3,0,1
SAP_JOB_149,Z_BW_DATA_LOAD_DAILY,16,5,5,11489,17079,62,3350,3,2,0,0
SAP_JOB_150,Z_XI_MESSAGE_MONITORING,12,4,1,2327,3976,81,1830,1,2,1,0
SAP_JOB_151,Z_MM_STOCK_RECONCILIATION,21,4,5,285,88330,66,2704,0,3,0,0
SAP_JOB_152,RSN3_AGGR_REPAIR_BW,1,3,3,4769,56093,59,2401,1,3,1,0
SAP_JOB_153,Z_BW_DATA_LOAD_DAILY,0,7,12,807,51487,60,2384,1,1,0,0
SAP_JOB_154,RBDAPP01_IDOC_PROCESSING,1,6,5,953,61267,84,2162,1,3,0,0
SAP_JOB_155,Z_BC_SYSTEM_HEALTH_CHECK,7,4,8,1160,8852,76,922,1,2,0,0
SAP_JOB_156,Z_CRM_LEAD_PROCESSING,9,5,6,285,46789,99,3373,0,2,0,0
SAP_JOB_157,Z_APO_FORECAST_GENERATION,21,7,8,4236,18942,72,303,0,2,1,1
SAP_JOB_158,Z_PP_MRP_RUN,19,7,8,1425,4544,97,3713,1,3,1,0
SAP_JOB_159,RSN3_AGGR_REPAIR_BW,10,7,12,326,91006,47,3042,1,3,0,0
SAP_JOB_160,RSBTCDEL_DELETE_OLD_JOBS,6,6,10,1632,28923,34,1859,0,1,0,0
SAP_JOB_161,Z_APO_FORECAST_GENERATION,21,2,8,1866,14202,92,3881,0,2,1,0
SAP_JOB_162,Z_XI_MESSAGE_MONITORING,5,5,9,641,30480,84,3773,0,3,0,0
SAP_JOB_163,Z_PP_MRP_RUN,18,7,8,2487,35386,33,1502,3,2,0,0
SAP_JOB_164,RSSTAT83_PERF_ANALYSIS,1,7,11,1795,77990,79,1689,0,3,0,0
SAP_JOB_165,SAP_CCMS_MONITORING_BATCH,14,1,10,3020,27147,47,2084,2,3,0,0
SAP_JOB_166,Z_FI_MONTH_END_CLOSING,4,7,10,9302,80188,74,1598,2,2,0,0
SAP_JOB_167,RSBTCDEL_DELETE_OLD_JOBS,4,6,12,6806,32693,87,2164,2,3,1,0
SAP_JOB_168,RSCOLL00_STATS_COLLECTOR,10,1,5,550,40445,14,3154,1,1,1,0
SAP_JOB_169,RSCOLL00_STATS_COLLECTOR,7,7,8,1046,40428,60,3964,0,3,0,0
SAP_JOB_170,RSBTCDEL_DELETE_OLD_JOBS,0,7,7,1617,0,76,2694,2,3,0,0
SAP_JOB_171,Z_HR_PAYROLL_RUN,3,5,6,2891,92974,36,1206,0,2,1,0
SAP_JOB_172,Z_FI_MONTH_END_CLOSING,0,6,6,1637,26617,61,4023,1,1,0,0
SAP_JOB_173,RSMON000_ALERTMONITOR_RUN,18,3,4,1664,0,52,3610,0,3,1,0
SAP_JOB_174,Z_BW_DATA_LOAD_DAILY,7,7,10,5985,58399,71,3537,1,3,1,0
SAP_JOB_175,Z_BC_SYSTEM_HEALTH_CHECK,4,5,8,2207,16235,40,3705,0,3,1,0
SAP_JOB_176,Z_SD_DAILY_SALES_REPORT,22,1,5,8478,126160,30,3758,0,1,0,0
SAP_JOB_177,RDDIMPDP_TRANSPORT_IMPORT,2,7,4,1641,65718,84,641,1,3,0,0
SAP_JOB_178,SAP_CCMS_MONITORING_BATCH,18,6,8,1823,81164,31,2969,0,1,0,0
SAP_JOB_179,RDDIMPDP_TRANSPORT_IMPORT,16,4,6,4041,29053,72,1980,0,3,0,1
SAP_JOB_180,RSSTAT83_PERF_ANALYSIS,23,3,1,174,127097,27,1024,1,2,0,0
SAP_JOB_181,Z_BW_DATA_LOAD_DAILY,18,7,4,501,16786,38,310,1,2,1,0
SAP_JOB_182,Z_MM_STOCK_RECONCILIATION,22,7,12,3762,42295,66,3062,0,3,0,0
SAP_JOB_183,Z_APO_FORECAST_GENERATION,4,3,3,2215,80728,17,3745,5,2,0,0
SAP_JOB_184,RFBILA00_BALANCE_SHEET,17,7,10,278,59783,69,337,2,2,1,0
SAP_JOB_185,SAP_CCMS_MONITORING_BATCH,19,5,5,1153,12466,18,3553,1,2,1,0
SAP_JOB_186,Z_FI_MONTH_END_CLOSING,23,3,7,3317,39091,23,776,1,3,0,0
SAP_JOB_187,RSN3_AGGR_REPAIR_BW,3,2,10,4716,48291,96,1060,0,2,0,0
SAP_JOB_188,RDDIMPDP_TRANSPORT_IMPORT,5,2,1,1139,104328,95,2330,3,1,0,0
SAP_JOB_189,RSBTCDEL_DELETE_OLD_JOBS,20,4,10,1196,49374,11,3323,1,1,0,0
SAP_JOB_190,Z_SD_DAILY_SALES_REPORT,7,3,4,2639,67219,64,2926,1,1,0,0
SAP_JOB_191,RSSTAT83_PERF_ANALYSIS,2,4,11,3846,0,82,409,1,1,0,0
SAP_JOB_192,RSCOLL00_STATS_COLLECTOR,9,1,7,257,40766,68,3120,0,2,0,0
SAP_JOB_193,SAP_CCMS_MONITORING_BATCH,15,3,8,2137,30233,90,2006,4,3,1,0
SAP_JOB_194,Z_APO_FORECAST_GENERATION,9,7,1,498,74554,23,590,1,2,0,0
SAP_JOB_195,RSAL_BATCH_TOOL_DISPATCH,6,3,2,1578,54015,26,3853,1,1,0,0
SAP_JOB_196,RSCOLL00_STATS_COLLECTOR,22,7,12,1799,55262,95,1176,2,2,0,0
SAP_JOB_197,RSMON000_ALERTMONITOR_RUN,22,5,2,5695,91657,48,1069,0,2,0,1
SAP_JOB_198,SAP_CCMS_MONITORING_BATCH,15,4,9,3024,0,14,2880,0,3,0,0
SAP_JOB_199,Z_CRM_LEAD_PROCESSING,3,2,5,186,0,74,3252,2,3,1,0
SAP_JOB_200,Z_SD_DAILY_SALES_REPORT,5,7,8,4411,74946,34,4038,1,1,0,0
SAP_JOB_201,Z_XI_MESSAGE_MONITORING,13,2,11,488,56228,99,1192,0,3,1,0
SAP_JOB_202,Z_APO_FORECAST_GENERATION,22,1,9,5355,92615,71,3472,0,3,0,0
SAP_JOB_203,Z_APO_FORECAST_GENERATION,8,4,5,291,32877,65,3650,0,1,1,0
SAP_JOB_204,SAP_CCMS_MONITORING_BATCH,9,1,8,5464,22818,88,293,0,1,0,0
SAP_JOB_205,RBDAPP01_IDOC_PROCESSING,15,5,12,258,79245,90,1393,1,1,1,0
SAP_JOB_206,RSCOLL00_STATS_COLLECTOR,1,3,1,4317,67719,68,3898,0,1,1,0
SAP_JOB_207,Z_FI_MONTH_END_CLOSING,3,7,11,2894,83261,16,2436,2,3,0,0
SAP_JOB_208,Z_HR_PAYROLL_RUN,17,4,2,3669,43228,22,3373,0,1,0,0
SAP_JOB_209,Z_XI_MESSAGE_MONITORING,2,6,3,2962,50102,83,1512,1,3,1,0
SAP_JOB_210,Z_BC_SYSTEM_HEALTH_CHECK,19,4,2,5986,64712,26,1141,0,2,0,0
SAP_JOB_211,RSN3_AGGR_REPAIR_BW,14,5,12,2869,31886,61,2684,1,1,0,0
SAP_JOB_212,RSSTAT83_PERF_ANALYSIS,10,2,7,1280,6559,48,3598,2,2,1,0
SAP_JOB_213,Z_SD_DAILY_SALES_REPORT,2,1,12,163,0,30,2606,1,2,1,0
SAP_JOB_214,Z_MM_STOCK_RECONCILIATION,5,7,2,579,52226,21,2065,3,1,0,0
SAP_JOB_215,RSN3_AGGR_REPAIR_BW,17,4,7,2068,43117,73,2219,0,2,0,0
SAP_JOB_216,RSN3_AGGR_REPAIR_BW,6,1,12,668,5396,69,3029,1,3,1,0
SAP_JOB_217,Z_CRM_LEAD_PROCESSING,17,6,6,789,59492,54,984,2,2,1,0
SAP_JOB_218,SAP_CCMS_MONITORING_BATCH,13,7,6,2025,65746,41,497,0,2,0,0
SAP_JOB_219,Z_MM_STOCK_RECONCILIATION,12,4,10,1111,103448,75,3493,2,2,0,0
SAP_JOB_220,RSCOLL00_STATS_COLLECTOR,10,5,3,4630,101050,41,808,3,2,0,0
SAP_JOB_221,Z_SD_DAILY_SALES_REPORT,19,4,6,3499,91494,35,1150,1,2,0,0
SAP_JOB_222,SAP_CCMS_MONITORING_BATCH,22,4,9,4208,19052,62,950,0,2,0,0
SAP_JOB_223,RBDAPP01_IDOC_PROCESSING,23,1,11,2201,34121,83,1010,1,3,0,0
SAP_JOB_224,RSBTCDEL_DELETE_OLD_JOBS,20,7,10,2815,0,29,1211,0,1,0,0
SAP_JOB_225,RSMON000_ALERTMONITOR_RUN,3,2,2,3249,22951,48,1010,2,1,0,0
SAP_JOB_226,Z_MM_STOCK_RECONCILIATION,2,2,8,1139,99798,23,2637,1,2,0,0
SAP_JOB_227,Z_APO_FORECAST_GENERATION,13,7,9,2273,88269,79,3472,2,1,0,0
SAP_JOB_228,SAP_CCMS_MONITORING_BATCH,23,4,7,1309,52304,19,3147,1,3,1,0
SAP_JOB_229,RSAL_BATCH_TOOL_DISPATCH,10,5,5,1625,11510,58,3824,1,3,1,0
SAP_JOB_230,RSAL_BATCH_TOOL_DISPATCH,17,6,2,362,12879,68,3140,0,3,0,0
SAP_JOB_231,Z_CRM_LEAD_PROCESSING,23,3,11,135,68877,98,3633,2,3,0,0
SAP_JOB_232,RSAL_BATCH_TOOL_DISPATCH,22,6,4,2539,68383,94,384,1,2,1,0
SAP_JOB_233,RSMON000_ALERTMONITOR_RUN,0,7,7,5886,18397,83,3741,1,3,0,1
SAP_JOB_234,RSCOLL00_STATS_COLLECTOR,13,4,1,1935,75175,71,3547,0,2,0,0
SAP_JOB_235,RFBILA00_BALANCE_SHEET,12,1,5,1774,104461,84,1603,3,2,1,0
SAP_JOB_236,RSSTAT83_PERF_ANALYSIS,12,3,1,356,44807,24,3392,0,3,0,0
SAP_JOB_237,Z_MM_STOCK_RECONCILIATION,16,1,3,615,50467,99,3594,2,2,0,0
SAP_JOB_238,RSCOLL00_STATS_COLLECTOR,15,2,6,5012,52688,88,3627,1,3,1,0
SAP_JOB_239,Z_SD_DAILY_SALES_REPORT,12,5,7,1227,14558,89,2094,0,3,0,0
SAP_JOB_240,Z_APO_FORECAST_GENERATION,3,5,6,532,61712,61,2797,0,3,0,0
SAP_JOB_241,Z_FI_MONTH_END_CLOSING,3,6,2,1121,16698,86,2947,2,2,1,0
SAP_JOB_242,RSBTCDEL_DELETE_OLD_JOBS,9,5,10,5096,25321,63,1664,1,3,1,0
SAP_JOB_243,RDDIMPDP_TRANSPORT_IMPORT,8,7,10,484,45489,51,2887,2,2,1,0
SAP_JOB_244,Z_HR_PAYROLL_RUN,9,1,2,3010,42655,78,2990,0,2,0,0
SAP_JOB_245,RFBILA00_BALANCE_SHEET,4,7,3,1968,16174,41,1802,0,2,0,0
SAP_JOB_246,RSMON000_ALERTMONITOR_RUN,2,7,5,2353,0,50,4080,0,2,0,0
SAP_JOB_247,Z_FI_MONTH_END_CLOSING,6,5,4,279,0,45,2178,1,2,0,0
SAP_JOB_248,RSBTCDEL_DELETE_OLD_JOBS,1,4,5,244,9638,81,1841,1,2,0,0
SAP_JOB_249,SAP_CCMS_MONITORING_BATCH,1,6,1,10898,74720,96,2077,0,2,0,0
SAP_JOB_250,Z_XI_MESSAGE_MONITORING,14,1,7,1634,46663,25,3339,0,3,1,0
SAP_JOB_251,RSSTAT83_PERF_ANALYSIS,7,6,5,2772,22882,74,3960,1,2,0,0
SAP_JOB_252,Z_MM_STOCK_RECONCILIATION,20,4,6,447,29538,94,3073,2,2,0,0
SAP_JOB_253,Z_BW_DATA_LOAD_DAILY,2,6,11,1809,14765,69,3428,1,1,0,0
SAP_JOB_254,Z_PP_MRP_RUN,23,2,6,404,67343,24,1684,0,3,0,0
SAP_JOB_255,RSAL_BATCH_TOOL_DISPATCH,17,2,9,1812,34327,63,1568,2,2,1,0
SAP_JOB_256,Z_PP_MRP_RUN,8,6,9,2295,48184,77,792,0,1,0,0
SAP_JOB_257,Z_XI_MESSAGE_MONITORING,13,4,2,750,18449,72,645,0,3,0,0
SAP_JOB_258,RSSTAT83_PERF_ANALYSIS,18,5,3,525,47627,59,1532,1,3,0,0
SAP_JOB_259,RDDIMPDP_TRANSPORT_IMPORT,13,3,7,2456,5591,13,2051,3,2,0,0
SAP_JOB_260,RSAL_BATCH_TOOL_DISPATCH,2,7,11,1169,66243,95,3972,0,2,0,0
SAP_JOB_261,Z_BW_DATA_LOAD_DAILY,14,5,10,2384,72774,48,1156,0,1,1,0
SAP_JOB_262,Z_CRM_LEAD_PROCESSING,4,5,4,1028,74483,30,2611,0,1,0,0
SAP_JOB_263,RSAL_BATCH_TOOL_DISPATCH,15,4,2,1392,10758,61,2204,1,1,0,0
SAP_JOB_264,RDDIMPDP_TRANSPORT_IMPORT,8,1,2,1251,70337,67,2535,1,2,0,0
SAP_JOB_265,RSBTCDEL_DELETE_OLD_JOBS,14,1,12,1297,35362,54,2770,0,1,0,0
SAP_JOB_266,RSCOLL00_STATS_COLLECTOR,22,3,1,249,9586,20,691,2,3,0,0
SAP_JOB_267,RSCOLL00_STATS_COLLECTOR,9,6,12,4683,20851,17,4095,0,1,0,0
SAP_JOB_268,RSBTCDEL_DELETE_OLD_JOBS,3,6,4,3080,63676,71,3070,2,2,0,0
SAP_JOB_269,RFBILA00_BALANCE_SHEET,1,3,10,925,114950,49,3729,0,1,0,0
SAP_JOB_270,Z_CRM_LEAD_PROCESSING,21,4,4,359,56314,30,2425,4,1,0,0
SAP_JOB_271,RSN3_AGGR_REPAIR_BW,7,6,7,498,45063,84,511,3,2,0,0
SAP_JOB_272,RSAL_BATCH_TOOL_DISPATCH,17,7,3,426,20787,46,1980,2,3,0,0
SAP_JOB_273,Z_APO_FORECAST_GENERATION,4,7,8,1338,0,25,3911,0,1,1,0
SAP_JOB_274,Z_PP_MRP_RUN,9,2,11,844,72776,36,3393,0,1,0,0
SAP_JOB_275,Z_FI_MONTH_END_CLOSING,21,4,1,122,67516,43,3764,1,3,1,0
SAP_JOB_276,RSSTAT83_PERF_ANALYSIS,4,2,4,1073,86322,35,2084,1,3,0,0
SAP_JOB_277,Z_BC_SYSTEM_HEALTH_CHECK,12,4,1,1874,68571,13,3548,1,2,0,0
SAP_JOB_278,RSMON000_ALERTMONITOR_RUN,17,3,12,3586,25454,31,919,0,2,1,0
SAP_JOB_279,Z_BC_SYSTEM_HEALTH_CHECK,18,5,4,361,49898,64,2784,0,1,0,0
SAP_JOB_280,Z_SD_DAILY_SALES_REPORT,21,5,1,1193,86631,24,1989,4,1,1,1
SAP_JOB_281,Z_SD_DAILY_SALES_REPORT,16,6,6,737,67462,90,2156,1,3,0,0
SAP_JOB_282,RBDAPP01_IDOC_PROCESSING,19,1,5,1325,16657,13,893,1,1,1,1
SAP_JOB_283,RDDIMPDP_TRANSPORT_IMPORT,21,6,12,381,48450,66,3870,2,2,0,0
SAP_JOB_284,Z_PP_MRP_RUN,22,4,8,7464,17922,98,460,0,1,0,1
SAP_JOB_285,RSAL_BATCH_TOOL_DISPATCH,17,2,11,399,0,77,945,1,3,0,0
SAP_JOB_286,Z_SD_DAILY_SALES_REPORT,19,7,7,1099,64620,23,1592,2,3,0,0
SAP_JOB_287,RSSTAT83_PERF_ANALYSIS,18,1,5,1975,66661,70,680,0,1,0,0
SAP_JOB_288,Z_HR_PAYROLL_RUN,21,7,1,1582,41133,95,432,1,2,1,0
SAP_JOB_289,RBDAPP01_IDOC_PROCESSING,1,6,9,2311,54569,25,2159,1,3,0,0
SAP_JOB_290,Z_FI_MONTH_END_CLOSING,2,3,1,549,28728,77,2157,1,1,0,0
SAP_JOB_291,RSN3_AGGR_REPAIR_BW,8,2,12,3056,34686,72,2369,0,2,0,0
SAP_JOB_292,Z_FI_MONTH_END_CLOSING,19,3,6,1030,0,52,3012,1,2,0,0
SAP_JOB_293,RDDIMPDP_TRANSPORT_IMPORT,3,5,5,848,18876,18,814,0,2,0,0
SAP_JOB_294,RSAL_BATCH_TOOL_DISPATCH,5,4,2,861,39956,17,868,2,2,0,0
SAP_JOB_295,RDDIMPDP_TRANSPORT_IMPORT,11,3,7,6930,37890,72,3436,3,2,1,0
SAP_JOB_296,RBDAPP01_IDOC_PROCESSING,2,1,4,2641,25838,18,1651,1,1,0,0
SAP_JOB_297,SAP_CCMS_MONITORING_BATCH,8,5,8,1463,67893,12,843,0,2,0,0
SAP_JOB_298,Z_MM_STOCK_RECONCILIATION,20,3,4,4815,26478,84,3256,1,1,1,0
SAP_JOB_299,Z_APO_FORECAST_GENERATION,2,1,4,2788,68259,43,1345,0,3,0,0
SAP_JOB_300,Z_MM_STOCK_RECONCILIATION,7,7,7,260,76035,56,2085,0,1,0,0
SAP_JOB_301,RSN3_AGGR_REPAIR_BW,19,6,4,4199,38657,48,648,2,1,1,1
SAP_JOB_302,RSMON000_ALERTMONITOR_RUN,23,6,6,614,21444,28,1821,2,2,1,0
SAP_JOB_303,RFBILA00_BALANCE_SHEET,18,6,3,3597,40891,28,4040,3,3,0,0
SAP_JOB_304,RSAL_BATCH_TOOL_DISPATCH,13,6,5,1656,43296,73,2976,1,3,0,0
SAP_JOB_305,RSN3_AGGR_REPAIR_BW,8,4,11,4763,39520,17,2817,2,3,0,0
SAP_JOB_306,RSBTCDEL_DELETE_OLD_JOBS,15,6,12,1848,27986,29,2242,1,1,1,0
SAP_JOB_307,RSBTCDEL_DELETE_OLD_JOBS,1,1,8,1557,51081,56,1703,0,2,1,0
SAP_JOB_308,RSAL_BATCH_TOOL_DISPATCH,21,5,3,1278,67397,64,1734,0,2,1,0
SAP_JOB_309,SAP_CCMS_MONITORING_BATCH,1,2,11,2821,85989,10,3911,1,1,0,0
SAP_JOB_310,Z_BW_DATA_LOAD_DAILY,7,3,12,1368,7551,49,397,1,1,0,0
SAP_JOB_311,RSN3_AGGR_REPAIR_BW,16,6,8,174,0,99,2086,2,3,0,0
SAP_JOB_312,RBDAPP01_IDOC_PROCESSING,16,1,1,341,53106,50,1830,1,3,0,0
SAP_JOB_313,Z_XI_MESSAGE_MONITORING,0,4,3,1158,0,81,3260,2,1,1,0
SAP_JOB_314,RBDAPP01_IDOC_PROCESSING,7,1,11,104,74321,58,1966,1,2,1,0
SAP_JOB_315,RBDAPP01_IDOC_PROCESSING,18,7,12,1695,66055,85,3705,0,1,1,0
SAP_JOB_316,RDDIMPDP_TRANSPORT_IMPORT,9,2,3,1901,56201,37,1026,1,2,0,0
SAP_JOB_317,RSCOLL00_STATS_COLLECTOR,1,1,9,1196,72768,44,2538,1,2,1,0
SAP_JOB_318,Z_BW_DATA_LOAD_DAILY,20,6,11,1223,14190,62,2277,1,2,0,0
SAP_JOB_319,SAP_CCMS_MONITORING_BATCH,14,1,7,867,77574,57,2975,1,1,0,0
SAP_JOB_320,RBDAPP01_IDOC_PROCESSING,6,4,5,4516,21067,38,3529,2,3,1,0
SAP_JOB_321,RSBTCDEL_DELETE_OLD_JOBS,5,5,8,1006,37095,65,3531,1,1,0,0
SAP_JOB_322,Z_PP_MRP_RUN,10,5,4,309,0,15,2106,0,1,0,0
SAP_JOB_323,RBDAPP01_IDOC_PROCESSING,9,4,5,1384,6470,15,1987,2,3,1,0
SAP_JOB_324,Z_XI_MESSAGE_MONITORING,15,6,4,7934,128987,95,1076,1,2,1,0
SAP_JOB_325,RSBTCDEL_DELETE_OLD_JOBS,20,6,12,635,0,20,614,1,3,0,0
SAP_JOB_326,Z_APO_FORECAST_GENERATION,1,3,4,1127,83028,28,420,1,1,0,0
SAP_JOB_327,RSSTAT83_PERF_ANALYSIS,20,2,11,972,108750,56,3467,0,2,1,0
SAP_JOB_328,RSBTCDEL_DELETE_OLD_JOBS,23,4,9,4292,61313,61,1119,1,2,0,0
SAP_JOB_329,Z_APO_FORECAST_GENERATION,10,1,3,1822,49122,60,2228,2,3,0,0
SAP_JOB_330,Z_PP_MRP_RUN,15,7,9,222,19303,72,1602,1,2,0,0
SAP_JOB_331,Z_CRM_LEAD_PROCESSING,21,5,6,2665,26167,63,3209,0,2,0,0
SAP_JOB_332,RDDIMPDP_TRANSPORT_IMPORT,23,3,8,1604,46288,46,2304,0,1,1,0
SAP_JOB_333,RDDIMPDP_TRANSPORT_IMPORT,0,4,3,2001,39305,32,3592,1,2,0,0
SAP_JOB_334,RSCOLL00_STATS_COLLECTOR,2,6,12,1820,28522,43,4073,0,2,0,0
SAP_JOB_335,Z_XI_MESSAGE_MONITORING,23,7,12,4081,60084,76,3207,0,2,0,1
SAP_JOB_336,Z_HR_PAYROLL_RUN,20,7,1,1692,37806,34,3029,0,3,0,0
SAP_JOB_337,Z_FI_MONTH_END_CLOSING,3,6,4,2127,8513,23,3505,3,3,0,0
SAP_JOB_338,RSCOLL00_STATS_COLLECTOR,17,4,7,445,21071,58,3918,0,1,0,0
SAP_JOB_339,Z_BW_DATA_LOAD_DAILY,16,7,8,3756,78076,50,2693,0,1,0,0
SAP_JOB_340,Z_MM_STOCK_RECONCILIATION,10,3,9,3799,80822,24,1074,2,3,0,0
SAP_JOB_341,Z_MM_STOCK_RECONCILIATION,23,7,10,399,30088,94,490,4,2,0,0
SAP_JOB_342,RSSTAT83_PERF_ANALYSIS,11,5,10,321,0,50,1634,1,2,1,0
SAP_JOB_343,Z_HR_PAYROLL_RUN,8,5,2,1706,49094,40,3201,0,1,1,0
SAP_JOB_344,Z_MM_STOCK_RECONCILIATION,3,5,7,1971,27739,16,2083,1,1,0,0
SAP_JOB_345,Z_MM_STOCK_RECONCILIATION,3,5,12,187,37461,22,3640,2,3,1,0
SAP_JOB_346,RBDAPP01_IDOC_PROCESSING,5,2,6,2571,24227,21,3509,0,1,0,0
SAP_JOB_347,Z_BW_DATA_LOAD_DAILY,0,4,7,3074,85860,56,2768,2,1,0,0
SAP_JOB_348,RDDIMPDP_TRANSPORT_IMPORT,1,5,6,1243,13811,64,2822,0,2,0,0
SAP_JOB_349,Z_BC_SYSTEM_HEALTH_CHECK,12,7,4,3855,11591,82,2463,3,2,0,0
SAP_JOB_350,RDDIMPDP_TRANSPORT_IMPORT,1,2,12,1382,55177,13,1881,1,2,0,0
SAP_JOB_351,RDDIMPDP_TRANSPORT_IMPORT,16,3,10,535,36718,66,281,1,3,0,0
SAP_JOB_352,RSCOLL00_STATS_COLLECTOR,3,7,12,2159,87295,66,2862,0,2,0,0
SAP_JOB_353,RBDAPP01_IDOC_PROCESSING,19,4,9,1287,23035,63,1952,2,1,1,0
SAP_JOB_354,Z_BW_DATA_LOAD_DAILY,5,6,6,2961,10772,12,1245,3,1,1,0
SAP_JOB_355,Z_SD_DAILY_SALES_REPORT,11,6,9,538,55749,57,2999,3,1,1,1
SAP_JOB_356,Z_BW_DATA_LOAD_DAILY,21,2,10,128,66054,26,874,2,1,1,0
SAP_JOB_357,Z_BC_SYSTEM_HEALTH_CHECK,14,6,1,1325,72781,90,442,4,1,0,0
SAP_JOB_358,Z_SD_DAILY_SALES_REPORT,20,2,12,491,91629,31,2916,0,1,0,0
SAP_JOB_359,Z_FI_MONTH_END_CLOSING,3,1,6,1114,51982,36,2849,1,1,0,0
SAP_JOB_360,RSAL_BATCH_TOOL_DISPATCH,20,6,3,218,0,26,529,2,2,0,0
SAP_JOB_361,Z_XI_MESSAGE_MONITORING,19,4,7,1510,37323,84,1320,0,2,1,0
SAP_JOB_362,Z_XI_MESSAGE_MONITORING,8,5,4,1842,109293,85,2585,1,3,1,0
SAP_JOB_363,RSCOLL00_STATS_COLLECTOR,4,5,4,3565,3072,93,1678,1,1,0,0
SAP_JOB_364,RSN3_AGGR_REPAIR_BW,13,1,11,243,50334,76,1646,2,2,1,0
SAP_JOB_365,Z_BC_SYSTEM_HEALTH_CHECK,2,2,9,1344,71289,62,3575,0,1,0,0
SAP_JOB_366,RDDIMPDP_TRANSPORT_IMPORT,21,6,5,2668,32536,94,3644,2,2,1,0
SAP_JOB_367,RDDIMPDP_TRANSPORT_IMPORT,4,5,7,1981,32358,39,3005,1,3,0,0
SAP_JOB_368,Z_APO_FORECAST_GENERATION,21,4,7,598,57615,81,3056,1,2,1,0
SAP_JOB_369,RDDIMPDP_TRANSPORT_IMPORT,16,3,10,1415,97068,26,1839,0,1,0,0
SAP_JOB_370,RSBTCDEL_DELETE_OLD_JOBS,0,7,9,477,48541,75,359,0,3,0,0
SAP_JOB_371,Z_HR_PAYROLL_RUN,16,2,11,206,63458,82,1420,0,1,1,0
SAP_JOB_372,SAP_CCMS_MONITORING_BATCH,15,7,7,1693,44512,41,3167,1,3,1,0
SAP_JOB_373,RSN3_AGGR_REPAIR_BW,0,6,2,1251,0,13,3031,2,1,0,0
SAP_JOB_374,RBDAPP01_IDOC_PROCESSING,15,6,8,495,57309,85,3919,0,2,1,0
SAP_JOB_375,SAP_CCMS_MONITORING_BATCH,22,2,8,3490,91602,66,1095,0,3,0,0
SAP_JOB_376,RSSTAT83_PERF_ANALYSIS,18,2,4,2341,52092,62,2634,0,1,1,0
SAP_JOB_377,RSN3_AGGR_REPAIR_BW,4,6,8,3162,30807,71,305,1,1,0,0
SAP_JOB_378,Z_HR_PAYROLL_RUN,3,1,4,2326,14436,28,383,1,1,0,0
SAP_JOB_379,RDDIMPDP_TRANSPORT_IMPORT,7,2,10,495,65629,15,3897,0,2,0,0
SAP_JOB_380,RSAL_BATCH_TOOL_DISPATCH,8,1,11,1566,55210,98,2082,0,2,0,0
SAP_JOB_381,Z_HR_PAYROLL_RUN,14,6,4,805,28959,63,2451,2,2,0,0
SAP_JOB_382,Z_BW_DATA_LOAD_DAILY,14,3,10,1298,75693,68,355,0,2,1,0
SAP_JOB_383,Z_FI_MONTH_END_CLOSING,20,7,11,2767,102906,57,3220,0,2,0,0
SAP_JOB_384,Z_XI_MESSAGE_MONITORING,0,1,4,5606,71039,19,3747,2,2,1,0
SAP_JOB_385,Z_CRM_LEAD_PROCESSING,21,2,3,4515,52009,94,3454,3,3,0,0
SAP_JOB_386,RSBTCDEL_DELETE_OLD_JOBS,10,1,9,654,34910,32,1390,1,3,0,0
SAP_JOB_387,Z_SD_DAILY_SALES_REPORT,15,2,8,976,57904,59,3266,0,1,0,0
SAP_JOB_388,RFBILA00_BALANCE_SHEET,22,2,2,3370,7987,83,1125,2,3,1,0
SAP_JOB_389,Z_BW_DATA_LOAD_DAILY,10,1,7,726,56203,37,3168,3,1,1,0
SAP_JOB_390,Z_BW_DATA_LOAD_DAILY,7,4,2,2195,33513,20,4025,0,2,0,0
SAP_JOB_391,Z_BC_SYSTEM_HEALTH_CHECK,14,1,7,2596,75787,47,2033,2,1,0,0
SAP_JOB_392,Z_CRM_LEAD_PROCESSING,6,3,4,1281,46876,32,1944,0,3,0,0
SAP_JOB_393,Z_XI_MESSAGE_MONITORING,22,6,7,6207,73392,45,877,0,2,0,0
SAP_JOB_394,RSBTCDEL_DELETE_OLD_JOBS,20,5,9,261,35759,50,2933,2,3,0,0
SAP_JOB_395,RDDIMPDP_TRANSPORT_IMPORT,14,5,7,495,80993,55,3699,0,3,0,0
SAP_JOB_396,RSMON000_ALERTMONITOR_RUN,4,6,12,1546,41569,19,2286,0,2,0,0
SAP_JOB_397,RSN3_AGGR_REPAIR_BW,6,7,6,722,62748,24,3709,2,3,1,0
SAP_JOB_398,Z_PP_MRP_RUN,9,7,10,476,0,10,3233,0,3,0,0
SAP_JOB_399,Z_HR_PAYROLL_RUN,23,2,1,561,50101,78,560,4,3,0,0
SAP_JOB_400,Z_APO_FORECAST_GENERATION,20,3,10,684,87334,95,2639,0,3,0,0
SAP_JOB_401,RSSTAT83_PERF_ANALYSIS,18,2,9,4383,53960,12,394,0,2,0,1
SAP_JOB_402,RFBILA00_BALANCE_SHEET,1,6,6,1086,64884,66,3376,0,2,0,0
SAP_JOB_403,RSAL_BATCH_TOOL_DISPATCH,9,5,3,597,51328,63,461,1,2,0,0
SAP_JOB_404,Z_SD_DAILY_SALES_REPORT,10,3,11,3660,38313,40,3451,0,3,0,0
SAP_JOB_405,RDDIMPDP_TRANSPORT_IMPORT,4,5,7,2363,81559,90,3682,2,3,0,0
SAP_JOB_406,Z_BW_DATA_LOAD_DAILY,16,7,3,1235,65896,95,3901,0,2,0,0
SAP_JOB_407,RFBILA00_BALANCE_SHEET,7,3,9,652,62367,68,2689,2,3,0,0
SAP_JOB_408,Z_CRM_LEAD_PROCESSING,11,3,10,1298,47549,71,2808,0,2,1,0
SAP_JOB_409,Z_XI_MESSAGE_MONITORING,20,2,11,1909,66301,31,1865,3,2,1,0
SAP_JOB_410,RSAL_BATCH_TOOL_DISPATCH,11,1,12,589,0,30,863,0,1,0,0
SAP_JOB_411,RFBILA00_BALANCE_SHEET,5,1,8,548,42218,38,710,3,2,1,0
SAP_JOB_412,RSAL_BATCH_TOOL_DISPATCH,11,3,11,3386,19499,84,4026,1,2,0,0
SAP_JOB_413,Z_PP_MRP_RUN,21,6,8,2054,42677,41,4022,2,1,1,0
SAP_JOB_414,Z_BC_SYSTEM_HEALTH_CHECK,18,3,2,2557,9379,92,3158,2,1,0,0
SAP_JOB_415,SAP_CCMS_MONITORING_BATCH,17,4,6,3363,33404,93,4005,1,3,1,0
SAP_JOB_416,Z_CRM_LEAD_PROCESSING,23,7,11,466,108877,98,1256,0,2,0,0
SAP_JOB_417,Z_BC_SYSTEM_HEALTH_CHECK,0,7,8,2542,50110,95,4081,2,2,1,0
SAP_JOB_418,Z_SD_DAILY_SALES_REPORT,14,4,8,3347,51305,65,345,1,1,1,0
SAP_JOB_419,Z_SD_DAILY_SALES_REPORT,7,4,8,1903,66744,29,3335,0,2,0,0
SAP_JOB_420,RSAL_BATCH_TOOL_DISPATCH,22,6,11,574,68885,97,3583,2,2,0,0
SAP_JOB_421,RSCOLL00_STATS_COLLECTOR,14,7,5,228,25870,29,2683,0,3,0,0
SAP_JOB_422,Z_FI_MONTH_END_CLOSING,18,6,11,3215,14188,29,305,0,2,0,0
SAP_JOB_423,RSAL_BATCH_TOOL_DISPATCH,2,5,9,6969,40959,49,491,0,3,0,0
SAP_JOB_424,Z_FI_MONTH_END_CLOSING,6,4,1,972,75532,71,2756,2,3,0,0
SAP_JOB_425,RSBTCDEL_DELETE_OLD_JOBS,0,7,10,3556,95017,62,2487,0,2,1,0
SAP_JOB_426,RSSTAT83_PERF_ANALYSIS,11,1,10,853,86715,90,3359,1,3,0,0
SAP_JOB_427,RDDIMPDP_TRANSPORT_IMPORT,11,4,6,3743,54104,80,3064,1,3,0,0
SAP_JOB_428,RSCOLL00_STATS_COLLECTOR,12,5,1,3505,101873,69,2137,1,3,1,0
SAP_JOB_429,Z_BW_DATA_LOAD_DAILY,5,4,5,753,52228,37,1922,0,2,1,0
SAP_JOB_430,Z_BW_DATA_LOAD_DAILY,7,7,8,1027,29210,19,642,1,3,1,0
SAP_JOB_431,RSAL_BATCH_TOOL_DISPATCH,8,7,5,4244,74022,31,2691,0,3,0,1
SAP_JOB_432,RSAL_BATCH_TOOL_DISPATCH,12,1,6,716,8540,33,3385,0,3,0,0
SAP_JOB_433,RSCOLL00_STATS_COLLECTOR,14,3,7,112,57497,37,1752,2,3,0,0
SAP_JOB_434,Z_CRM_LEAD_PROCESSING,13,6,2,474,54237,24,1480,1,1,0,0
SAP_JOB_435,Z_MM_STOCK_RECONCILIATION,19,1,6,11352,0,53,3042,1,3,0,0
SAP_JOB_436,RSCOLL00_STATS_COLLECTOR,7,3,12,1055,36499,20,2918,0,1,0,0
SAP_JOB_437,RSCOLL00_STATS_COLLECTOR,22,6,6,236,87714,46,748,2,3,0,0
SAP_JOB_438,RSSTAT83_PERF_ANALYSIS,1,7,8,5512,70850,28,2487,0,2,0,0
SAP_JOB_439,RSAL_BATCH_TOOL_DISPATCH,3,6,10,4982,6133,45,2361,1,1,1,0
SAP_JOB_440,RSN3_AGGR_REPAIR_BW,18,2,12,930,46742,10,2217,0,1,1,0
SAP_JOB_441,RFBILA00_BALANCE_SHEET,17,4,6,227,26019,18,622,0,3,0,0
SAP_JOB_442,RSMON000_ALERTMONITOR_RUN,2,2,8,1373,86179,73,3687,3,1,0,0
SAP_JOB_443,SAP_CCMS_MONITORING_BATCH,14,2,7,4418,73322,93,395,1,3,0,0
SAP_JOB_444,RSMON000_ALERTMONITOR_RUN,2,2,5,1224,56879,47,2044,1,3,0,0
SAP_JOB_445,RBDAPP01_IDOC_PROCESSING,5,1,11,943,101380,56,726,3,3,0,0
SAP_JOB_446,Z_FI_MONTH_END_CLOSING,19,1,8,3603,46318,62,566,0,3,1,0
SAP_JOB_447,RDDIMPDP_TRANSPORT_IMPORT,15,2,1,2505,52801,60,2333,1,3,0,0
SAP_JOB_448,RDDIMPDP_TRANSPORT_IMPORT,6,7,10,1228,37078,61,3160,1,1,0,0
SAP_JOB_449,Z_FI_MONTH_END_CLOSING,21,2,5,2834,45618,31,933,2,1,0,0
SAP_JOB_450,RSBTCDEL_DELETE_OLD_JOBS,5,1,6,1767,40946,24,3836,1,1,0,0
SAP_JOB_451,RBDAPP01_IDOC_PROCESSING,21,2,1,1192,42028,43,2329,1,2,0,0
SAP_JOB_452,Z_CRM_LEAD_PROCESSING,3,1,9,2608,45955,24,274,1,3,0,0
SAP_JOB_453,Z_BC_SYSTEM_HEALTH_CHECK,2,2,12,3471,28803,70,2684,1,1,0,0
SAP_JOB_454,Z_BW_DATA_LOAD_DAILY,13,5,4,1725,36852,75,1566,0,3,1,0
SAP_JOB_455,Z_XI_MESSAGE_MONITORING,1,7,8,1349,33855,66,3279,1,2,0,0
SAP_JOB_456,Z_HR_PAYROLL_RUN,1,3,7,3678,86015,13,3420,1,2,0,0
SAP_JOB_457,RDDIMPDP_TRANSPORT_IMPORT,4,2,4,584,54210,72,1090,3,1,1,0
SAP_JOB_458,Z_BW_DATA_LOAD_DAILY,2,6,1,1122,28793,12,1672,2,1,0,0
SAP_JOB_459,Z_FI_MONTH_END_CLOSING,18,5,5,834,75666,96,285,1,3,1,0
SAP_JOB_460,RSN3_AGGR_REPAIR_BW,22,7,9,207,36199,19,2402,0,1,1,0
SAP_JOB_461,RSBTCDEL_DELETE_OLD_JOBS,1,4,9,1188,21423,63,3322,0,1,0,0
SAP_JOB_462,RFBILA00_BALANCE_SHEET,5,1,12,852,74699,69,1612,1,2,0,0
SAP_JOB_463,RSCOLL00_STATS_COLLECTOR,6,7,7,1696,18503,21,396,2,1,0,0
SAP_JOB_464,Z_BC_SYSTEM_HEALTH_CHECK,21,5,12,777,22036,80,2284,3,3,0,0
SAP_JOB_465,Z_FI_MONTH_END_CLOSING,20,5,11,4933,13339,38,1939,1,2,0,0
SAP_JOB_466,RBDAPP01_IDOC_PROCESSING,21,4,3,2489,65755,31,947,1,3,0,0
SAP_JOB_467,RSAL_BATCH_TOOL_DISPATCH,14,7,9,404,15865,41,643,0,1,0,0
SAP_JOB_468,RBDAPP01_IDOC_PROCESSING,21,2,4,731,76788,70,2718,0,1,1,0
SAP_JOB_469,Z_FI_MONTH_END_CLOSING,1,2,12,2289,104888,25,271,0,1,0,0
SAP_JOB_470,Z_SD_DAILY_SALES_REPORT,22,5,4,1948,0,90,3552,1,3,0,0
SAP_JOB_471,RSMON000_ALERTMONITOR_RUN,9,4,12,225,54796,84,3623,0,3,1,0
SAP_JOB_472,Z_FI_MONTH_END_CLOSING,16,6,2,3003,19811,19,699,1,1,0,0
SAP_JOB_473,RFBILA00_BALANCE_SHEET,12,6,9,3886,39680,36,1832,1,1,1,0
SAP_JOB_474,SAP_CCMS_MONITORING_BATCH,8,2,9,698,52276,74,1714,1,3,0,0
SAP_JOB_475,RSMON000_ALERTMONITOR_RUN,14,4,5,1820,41819,33,3220,0,2,1,0
SAP_JOB_476,RSMON000_ALERTMONITOR_RUN,11,6,8,3915,2235,54,419,1,3,0,0
SAP_JOB_477,RBDAPP01_IDOC_PROCESSING,3,5,8,373,76225,87,965,3,2,0,1
SAP_JOB_478,RDDIMPDP_TRANSPORT_IMPORT,21,7,12,2198,43529,87,1102,1,3,0,0
SAP_JOB_479,RSCOLL00_STATS_COLLECTOR,12,3,4,1768,23811,82,581,1,2,0,0
SAP_JOB_480,RSCOLL00_STATS_COLLECTOR,22,1,4,397,48034,63,2009,0,2,0,0
SAP_JOB_481,Z_APO_FORECAST_GENERATION,0,1,2,2332,59835,79,263,0,3,0,0
SAP_JOB_482,RBDAPP01_IDOC_PROCESSING,11,4,4,2512,65960,28,3429,0,3,0,0
SAP_JOB_483,RSAL_BATCH_TOOL_DISPATCH,14,5,6,629,60849,81,2291,1,3,0,0
SAP_JOB_484,RDDIMPDP_TRANSPORT_IMPORT,19,3,7,7515,27478,20,2969,0,3,0,0
SAP_JOB_485,Z_BW_DATA_LOAD_DAILY,13,4,6,2216,48657,74,1511,1,3,0,0
SAP_JOB_486,Z_BC_SYSTEM_HEALTH_CHECK,11,2,6,1725,71182,55,855,3,2,0,0
SAP_JOB_487,Z_HR_PAYROLL_RUN,13,2,11,1024,42719,96,2732,0,3,1,0
SAP_JOB_488,RSSTAT83_PERF_ANALYSIS,0,4,3,2246,15400,88,877,1,2,0,0
SAP_JOB_489,RSAL_BATCH_TOOL_DISPATCH,5,7,9,5743,0,31,2128,1,2,0,0
SAP_JOB_490,Z_CRM_LEAD_PROCESSING,5,3,4,805,64480,13,1168,2,3,0,0
SAP_JOB_491,Z_PP_MRP_RUN,7,5,8,3349,22174,59,1011,0,3,0,0
SAP_JOB_492,RFBILA00_BALANCE_SHEET,2,7,11,1233,27310,57,1197,2,2,0,0
SAP_JOB_493,SAP_CCMS_MONITORING_BATCH,3,2,10,748,55176,80,2556,0,2,1,0
SAP_JOB_494,Z_BW_DATA_LOAD_DAILY,5,4,8,3335,0,39,4088,1,2,0,0
SAP_JOB_495,SAP_CCMS_MONITORING_BATCH,22,5,1,1773,20532,24,1025,1,2,0,0
SAP_JOB_496,Z_CRM_LEAD_PROCESSING,11,6,5,4819,37226,20,835,0,1,0,1
SAP_JOB_497,RSMON000_ALERTMONITOR_RUN,11,7,6,1355,64133,66,3412,2,3,0,0
SAP_JOB_498,Z_XI_MESSAGE_MONITORING,21,5,7,3199,73736,48,1145,0,1,0,0
SAP_JOB_499,Z_FI_MONTH_END_CLOSING,14,3,6,1072,34752,47,844,2,2,0,0
SAP_JOB_500,Z_PP_MRP_RUN,12,7,3,4308,66408,80,2318,3,1,0,0
SAP_JOB_501,RSCOLL00_STATS_COLLECTOR,23,1,9,5626,52065,98,3792,3,3,1,0
SAP_JOB_502,Z_SD_DAILY_SALES_REPORT,17,6,11,1718,84607,36,1951,1,1,0,0
SAP_JOB_503,RFBILA00_BALANCE_SHEET,2,2,8,1696,91590,33,3759,0,1,0,0
SAP_JOB_504,Z_CRM_LEAD_PROCESSING,14,2,2,1871,40206,85,750,1,3,1,0
SAP_JOB_505,RSN3_AGGR_REPAIR_BW,13,6,12,1446,27404,74,818,2,3,0,0
SAP_JOB_506,Z_MM_STOCK_RECONCILIATION,18,4,11,240,59183,49,2895,2,2,0,0
SAP_JOB_507,Z_XI_MESSAGE_MONITORING,13,4,7,6062,73528,94,3097,2,3,0,0
SAP_JOB_508,Z_SD_DAILY_SALES_REPORT,22,6,11,961,72299,32,2138,1,3,1,0
SAP_JOB_509,Z_HR_PAYROLL_RUN,17,4,11,705,13355,18,500,2,1,0,0
SAP_JOB_510,RBDAPP01_IDOC_PROCESSING,21,5,12,1929,0,50,2437,1,2,0,0
SAP_JOB_511,RSCOLL00_STATS_COLLECTOR,2,7,5,1375,53586,33,1810,1,1,0,0
SAP_JOB_512,Z_MM_STOCK_RECONCILIATION,3,1,1,4056,78086,28,2198,1,3,0,0
SAP_JOB_513,Z_MM_STOCK_RECONCILIATION,1,4,8,667,55544,43,600,1,2,0,0
SAP_JOB_514,Z_SD_DAILY_SALES_REPORT,6,7,10,3062,68292,97,2035,0,3,0,0
SAP_JOB_515,RDDIMPDP_TRANSPORT_IMPORT,12,1,10,5498,99772,25,398,0,1,0,0
SAP_JOB_516,Z_CRM_LEAD_PROCESSING,14,2,4,11684,20798,17,322,0,2,0,0
SAP_JOB_517,Z_SD_DAILY_SALES_REPORT,2,5,10,4019,80214,22,3595,0,1,1,0
SAP_JOB_518,Z_HR_PAYROLL_RUN,7,7,5,5552,80131,98,1054,2,2,1,0
SAP_JOB_519,Z_FI_MONTH_END_CLOSING,22,6,3,848,28983,91,3914,2,3,0,0
SAP_JOB_520,RFBILA00_BALANCE_SHEET,23,1,4,3270,83564,23,3248,2,1,0,0
SAP_JOB_521,RSCOLL00_STATS_COLLECTOR,18,2,12,1932,27690,92,1833,3,1,1,1
SAP_JOB_522,Z_BW_DATA_LOAD_DAILY,22,1,8,626,25948,37,1154,0,1,0,0
SAP_JOB_523,Z_HR_PAYROLL_RUN,7,3,4,783,18201,95,1338,3,2,0,0
SAP_JOB_524,Z_XI_MESSAGE_MONITORING,7,7,11,6511,48153,96,3880,2,3,1,0
SAP_JOB_525,RSBTCDEL_DELETE_OLD_JOBS,2,5,3,2571,48734,71,866,3,1,0,0
SAP_JOB_526,Z_CRM_LEAD_PROCESSING,17,6,2,196,52181,45,2550,0,3,0,0
SAP_JOB_527,RSMON000_ALERTMONITOR_RUN,23,5,4,1671,55618,10,801,1,1,0,0
SAP_JOB_528,Z_HR_PAYROLL_RUN,22,7,9,397,56444,65,3421,1,1,1,0
SAP_JOB_529,Z_CRM_LEAD_PROCESSING,16,3,1,748,33146,11,3459,1,2,0,0
SAP_JOB_530,RBDAPP01_IDOC_PROCESSING,19,3,9,1791,83936,75,520,1,2,1,0
SAP_JOB_531,Z_BW_DATA_LOAD_DAILY,13,1,2,2665,48004,10,471,0,1,0,0
SAP_JOB_532,Z_MM_STOCK_RECONCILIATION,9,1,7,172,46805,27,2997,0,1,0,0
SAP_JOB_533,RSBTCDEL_DELETE_OLD_JOBS,14,2,7,2326,36386,39,3065,1,3,0,0
SAP_JOB_534,RSCOLL00_STATS_COLLECTOR,5,6,10,1646,58652,87,2824,0,2,0,0
SAP_JOB_535,RSAL_BATCH_TOOL_DISPATCH,23,3,6,9729,33119,63,496,0,3,0,0
SAP_JOB_536,Z_PP_MRP_RUN,21,3,4,3399,57917,74,1822,0,2,0,0
SAP_JOB_537,RSN3_AGGR_REPAIR_BW,22,1,8,361,100748,65,2166,0,2,1,0
SAP_JOB_538,RSAL_BATCH_TOOL_DISPATCH,20,5,6,262,43912,70,1333,0,1,1,0
SAP_JOB_539,RSBTCDEL_DELETE_OLD_JOBS,22,7,12,1962,56610,88,3489,1,2,0,0
SAP_JOB_540,RSMON000_ALERTMONITOR_RUN,9,2,1,1499,69649,93,384,0,1,0,0
SAP_JOB_541,Z_BW_DATA_LOAD_DAILY,12,1,7,6124,74323,86,646,0,3,0,1
SAP_JOB_542,Z_XI_MESSAGE_MONITORING,22,3,9,2548,88790,89,854,1,1,0,0
SAP_JOB_543,RSMON000_ALERTMONITOR_RUN,0,1,9,5093,50434,12,3641,2,1,0,0
SAP_JOB_544,Z_BW_DATA_LOAD_DAILY,6,2,7,3583,65407,69,3536,2,3,0,0
SAP_JOB_545,RDDIMPDP_TRANSPORT_IMPORT,14,6,11,2594,106011,73,3821,1,3,0,0
SAP_JOB_546,Z_APO_FORECAST_GENERATION,22,4,6,250,83386,34,356,0,1,0,0
SAP_JOB_547,RSCOLL00_STATS_COLLECTOR,13,1,1,626,57154,66,3457,1,1,0,0
SAP_JOB_548,Z_CRM_LEAD_PROCESSING,15,6,8,2608,39910,38,407,0,1,0,0
SAP_JOB_549,RBDAPP01_IDOC_PROCESSING,12,2,1,1030,3384,58,412,0,2,0,0
SAP_JOB_550,Z_APO_FORECAST_GENERATION,10,4,9,853,4793,28,3161,2,1,0,0
SAP_JOB_551,RSMON000_ALERTMONITOR_RUN,0,2,3,1783,49872,42,2891,1,3,1,0
SAP_JOB_552,RSCOLL00_STATS_COLLECTOR,19,4,5,1939,66800,33,1468,1,1,0,0
SAP_JOB_553,RSCOLL00_STATS_COLLECTOR,6,4,6,2114,0,89,3398,2,3,0,1
SAP_JOB_554,RSAL_BATCH_TOOL_DISPATCH,2,4,4,2611,47376,39,1840,2,2,0,0
SAP_JOB_555,RFBILA00_BALANCE_SHEET,3,2,10,7669,66449,88,3532,2,3,1,0
SAP_JOB_556,RSCOLL00_STATS_COLLECTOR,1,4,3,936,32858,73,3683,0,3,0,0
SAP_JOB_557,RSCOLL00_STATS_COLLECTOR,6,3,6,563,55896,62,2922,0,3,1,0
SAP_JOB_558,Z_PP_MRP_RUN,4,7,5,1632,14973,26,1433,0,1,1,0
SAP_JOB_559,Z_FI_MONTH_END_CLOSING,23,5,3,831,65616,23,3081,2,1,1,0
SAP_JOB_560,Z_PP_MRP_RUN,18,1,12,218,66414,94,469,2,1,1,1
SAP_JOB_561,RSSTAT83_PERF_ANALYSIS,10,7,9,1944,24249,82,1281,1,1,1,0
SAP_JOB_562,RFBILA00_BALANCE_SHEET,7,4,10,1246,27191,94,1109,1,3,1,0
SAP_JOB_563,RDDIMPDP_TRANSPORT_IMPORT,0,2,6,3720,107973,70,1835,0,2,1,0
SAP_JOB_564,RSBTCDEL_DELETE_OLD_JOBS,18,2,6,1427,121722,48,2263,2,2,0,0
SAP_JOB_565,RSAL_BATCH_TOOL_DISPATCH,9,2,10,1355,61312,32,993,1,3,0,0
SAP_JOB_566,RSCOLL00_STATS_COLLECTOR,0,5,2,708,34469,44,690,1,2,0,0
SAP_JOB_567,SAP_CCMS_MONITORING_BATCH,20,2,7,3009,47357,20,449,3,2,0,0
SAP_JOB_568,RSSTAT83_PERF_ANALYSIS,22,3,6,472,44835,17,1809,2,1,0,0
SAP_JOB_569,RSCOLL00_STATS_COLLECTOR,11,2,11,2820,24172,91,2892,2,3,1,0
SAP_JOB_570,RFBILA00_BALANCE_SHEET,22,6,12,3339,54052,84,3657,1,2,0,0
SAP_JOB_571,Z_HR_PAYROLL_RUN,7,4,3,816,13167,94,3013,1,2,1,0
SAP_JOB_572,RFBILA00_BALANCE_SHEET,12,5,1,8453,38349,25,1245,1,3,0,1
SAP_JOB_573,SAP_CCMS_MONITORING_BATCH,4,1,12,1507,40831,78,3253,2,2,1,0
SAP_JOB_574,Z_FI_MONTH_END_CLOSING,12,2,11,5667,22659,65,3432,2,1,0,0
SAP_JOB_575,RSSTAT83_PERF_ANALYSIS,21,3,10,826,13438,13,3166,3,1,0,0
SAP_JOB_576,Z_CRM_LEAD_PROCESSING,10,3,9,889,32355,50,3582,1,2,1,0
SAP_JOB_577,RSMON000_ALERTMONITOR_RUN,9,1,7,2279,92547,26,2671,3,2,0,0
SAP_JOB_578,Z_BC_SYSTEM_HEALTH_CHECK,16,3,9,1860,53578,40,3694,2,1,1,0
SAP_JOB_579,Z_APO_FORECAST_GENERATION,12,7,11,1320,47991,73,733,2,2,1,0
SAP_JOB_580,RSBTCDEL_DELETE_OLD_JOBS,11,7,5,1179,42505,96,3573,1,1,0,0
SAP_JOB_581,RBDAPP01_IDOC_PROCESSING,12,3,2,486,59563,45,1123,2,1,0,0
SAP_JOB_582,RSMON000_ALERTMONITOR_RUN,1,5,7,8966,10124,78,2697,0,3,1,1
SAP_JOB_583,RSCOLL00_STATS_COLLECTOR,0,4,1,762,48164,94,1309,0,1,0,1
SAP_JOB_584,RSAL_BATCH_TOOL_DISPATCH,7,6,11,154,61873,52,1657,0,3,1,0
SAP_JOB_585,RFBILA00_BALANCE_SHEET,23,6,7,203,57906,63,280,1,2,0,0
SAP_JOB_586,RSSTAT83_PERF_ANALYSIS,0,1,3,3536,18609,34,894,0,1,0,0
SAP_JOB_587,Z_XI_MESSAGE_MONITORING,1,5,8,6895,0,96,1477,0,1,0,0
SAP_JOB_588,RSMON000_ALERTMONITOR_RUN,18,3,8,291,40386,56,513,1,1,0,0
SAP_JOB_589,Z_HR_PAYROLL_RUN,16,7,4,304,50742,13,2277,0,2,0,0
SAP_JOB_590,RDDIMPDP_TRANSPORT_IMPORT,3,3,8,2474,58297,21,1489,1,3,0,0
SAP_JOB_591,RDDIMPDP_TRANSPORT_IMPORT,14,4,8,918,50256,44,2005,1,1,0,0
SAP_JOB_592,Z_FI_MONTH_END_CLOSING,14,3,11,510,51630,55,3354,3,2,1,0
SAP_JOB_593,Z_BC_SYSTEM_HEALTH_CHECK,17,4,6,708,9697,18,2298,1,3,1,0
SAP_JOB_594,Z_BC_SYSTEM_HEALTH_CHECK,6,4,9,4496,39870,40,3606,0,1,0,1
SAP_JOB_595,Z_MM_STOCK_RECONCILIATION,6,1,12,6033,39486,59,3113,0,3,0,0
SAP_JOB_596,SAP_CCMS_MONITORING_BATCH,16,4,7,2386,72797,43,965,2,2,1,0
SAP_JOB_597,Z_CRM_LEAD_PROCESSING,4,2,3,5655,95879,95,329,0,1,0,0
SAP_JOB_598,Z_HR_PAYROLL_RUN,12,2,4,287,20223,92,580,1,1,0,0
SAP_JOB_599,Z_BC_SYSTEM_HEALTH_CHECK,23,3,3,3320,78021,49,943,0,3,0,0
SAP_JOB_600,Z_XI_MESSAGE_MONITORING,3,6,11,2168,33292,90,2280,2,3,1,0
SAP_JOB_601,Z_SD_DAILY_SALES_REPORT,22,3,3,3486,30199,21,983,2,1,0,0
SAP_JOB_602,Z_FI_MONTH_END_CLOSING,0,1,8,1228,53915,80,2420,1,2,0,0
SAP_JOB_603,Z_XI_MESSAGE_MONITORING,6,5,2,5408,0,72,2719,1,1,0,0
SAP_JOB_604,Z_XI_MESSAGE_MONITORING,10,6,7,324,69482,95,2131,0,1,1,0
SAP_JOB_605,RSAL_BATCH_TOOL_DISPATCH,0,6,2,1604,67453,27,1445,0,1,0,0
SAP_JOB_606,Z_FI_MONTH_END_CLOSING,14,2,11,2452,34988,63,3685,0,2,0,0
SAP_JOB_607,RBDAPP01_IDOC_PROCESSING,22,4,5,376,63155,29,3516,0,2,0,0
SAP_JOB_608,Z_HR_PAYROLL_RUN,9,7,5,386,85065,62,2190,1,3,1,0
SAP_JOB_609,RSSTAT83_PERF_ANALYSIS,6,4,3,3212,37628,38,2675,2,1,1,0
SAP_JOB_610,RSN3_AGGR_REPAIR_BW,1,3,4,3550,89911,44,2974,0,1,1,0
SAP_JOB_611,Z_PP_MRP_RUN,18,2,2,232,89631,73,1225,0,2,0,0
SAP_JOB_612,Z_FI_MONTH_END_CLOSING,17,4,4,1590,39474,99,1980,2,2,0,0
SAP_JOB_613,RFBILA00_BALANCE_SHEET,0,5,3,4175,0,22,1143,3,2,0,0
SAP_JOB_614,RSN3_AGGR_REPAIR_BW,10,1,5,2327,14078,72,3156,1,2,0,0
SAP_JOB_615,RFBILA00_BALANCE_SHEET,8,7,10,2897,25720,89,3411,0,1,0,0
SAP_JOB_616,RSCOLL00_STATS_COLLECTOR,15,6,12,331,0,97,2252,0,3,0,0
SAP_JOB_617,RSCOLL00_STATS_COLLECTOR,22,5,5,4571,60231,51,931,0,2,0,0
SAP_JOB_618,Z_MM_STOCK_RECONCILIATION,22,2,10,506,106016,75,1081,2,1,0,0
SAP_JOB_619,RSAL_BATCH_TOOL_DISPATCH,0,1,1,1231,87297,12,301,1,1,1,0
SAP_JOB_620,Z_FI_MONTH_END_CLOSING,2,4,4,4955,61862,63,3534,0,1,0,0
SAP_JOB_621,RSSTAT83_PERF_ANALYSIS,3,3,5,1139,21272,19,1354,0,3,1,0
SAP_JOB_622,Z_HR_PAYROLL_RUN,6,3,12,717,70714,80,1923,2,1,0,0
SAP_JOB_623,RFBILA00_BALANCE_SHEET,21,4,9,1809,57968,89,2105,1,3,0,0
SAP_JOB_624,RSAL_BATCH_TOOL_DISPATCH,4,5,4,465,90399,31,2369,2,3,0,0
SAP_JOB_625,RSBTCDEL_DELETE_OLD_JOBS,15,4,3,3672,12163,87,2864,0,2,0,0
SAP_JOB_626,Z_HR_PAYROLL_RUN,14,3,4,743,65145,91,3983,1,2,0,0
SAP_JOB_627,RSBTCDEL_DELETE_OLD_JOBS,9,2,11,484,38277,54,617,1,2,0,0
SAP_JOB_628,Z_CRM_LEAD_PROCESSING,13,1,6,2641,47618,91,1009,0,3,0,0
SAP_JOB_629,RSSTAT83_PERF_ANALYSIS,17,6,10,327,40986,54,1129,1,2,0,0
SAP_JOB_630,Z_XI_MESSAGE_MONITORING,3,7,1,6830,50178,14,3701,1,2,0,0
SAP_JOB_631,Z_CRM_LEAD_PROCESSING,11,5,3,555,75760,39,1160,0,2,0,0
SAP_JOB_632,RSSTAT83_PERF_ANALYSIS,12,7,12,396,62130,40,302,3,2,1,0
SAP_JOB_633,RSMON000_ALERTMONITOR_RUN,4,6,7,373,22631,64,652,0,1,1,0
SAP_JOB_634,Z_SD_DAILY_SALES_REPORT,16,2,12,1158,99051,99,2961,0,2,0,0
SAP_JOB_635,Z_CRM_LEAD_PROCESSING,10,7,12,2045,89350,66,3182,3,3,0,0
SAP_JOB_636,RSCOLL00_STATS_COLLECTOR,18,2,10,2876,31121,92,3936,0,3,0,0
SAP_JOB_637,RSCOLL00_STATS_COLLECTOR,4,2,12,243,63123,58,1561,2,3,0,0
SAP_JOB_638,Z_CRM_LEAD_PROCESSING,20,6,10,988,49786,74,1008,3,2,0,0
SAP_JOB_639,Z_FI_MONTH_END_CLOSING,16,7,10,5026,55345,31,3573,2,2,1,0
SAP_JOB_640,RSCOLL00_STATS_COLLECTOR,17,1,5,1284,29258,88,3379,2,2,0,0
SAP_JOB_641,Z_FI_MONTH_END_CLOSING,23,3,6,988,70626,73,2800,1,1,0,0
SAP_JOB_642,Z_SD_DAILY_SALES_REPORT,3,5,1,2338,75843,86,3624,0,1,0,0
SAP_JOB_643,Z_BC_SYSTEM_HEALTH_CHECK,10,7,10,576,57539,44,2799,0,3,0,0
SAP_JOB_644,Z_FI_MONTH_END_CLOSING,16,3,2,726,58786,87,4095,1,3,0,0
SAP_JOB_645,Z_BW_DATA_LOAD_DAILY,22,5,9,346,48315,36,3689,0,3,1,0
SAP_JOB_646,Z_XI_MESSAGE_MONITORING,16,7,11,282,31749,95,2518,1,3,0,0
SAP_JOB_647,RSMON000_ALERTMONITOR_RUN,23,7,1,739,67775,55,1956,2,1,0,0
SAP_JOB_648,Z_PP_MRP_RUN,1,7,5,3559,50786,29,3582,2,1,1,0
SAP_JOB_649,Z_PP_MRP_RUN,0,1,3,4031,40893,28,3887,0,3,0,0
SAP_JOB_650,RSMON000_ALERTMONITOR_RUN,21,7,9,3356,0,42,2503,1,2,0,0
SAP_JOB_651,Z_FI_MONTH_END_CLOSING,6,1,8,264,53859,53,904,0,3,0,0
SAP_JOB_652,Z_CRM_LEAD_PROCESSING,14,4,1,2138,73435,33,1233,0,3,0,0
SAP_JOB_653,RFBILA00_BALANCE_SHEET,2,2,2,1307,21008,23,1358,3,1,0,0
SAP_JOB_654,RSSTAT83_PERF_ANALYSIS,20,7,8,1376,86260,27,1352,0,1,1,0
SAP_JOB_655,Z_BW_DATA_LOAD_DAILY,2,5,2,913,48987,77,1097,0,1,0,0
SAP_JOB_656,RSBTCDEL_DELETE_OLD_JOBS,15,7,3,1671,0,30,4017,0,1,0,0
SAP_JOB_657,RSAL_BATCH_TOOL_DISPATCH,1,1,12,2281,72175,47,514,1,3,0,0
SAP_JOB_658,RSMON000_ALERTMONITOR_RUN,14,7,10,3510,20964,40,3642,1,1,0,0
SAP_JOB_659,RFBILA00_BALANCE_SHEET,23,5,6,2754,66821,68,2591,0,2,0,0
SAP_JOB_660,Z_PP_MRP_RUN,7,4,6,2329,67635,96,2706,0,3,0,0
SAP_JOB_661,Z_CRM_LEAD_PROCESSING,10,2,12,136,68592,24,2547,2,2,0,0
SAP_JOB_662,RSMON000_ALERTMONITOR_RUN,7,5,11,3157,51416,83,1160,2,1,1,0
SAP_JOB_663,Z_SD_DAILY_SALES_REPORT,6,1,5,2837,11647,24,1490,1,2,1,0
SAP_JOB_664,RSN3_AGGR_REPAIR_BW,7,1,9,8720,54408,90,2858,0,2,0,0
SAP_JOB_665,Z_BC_SYSTEM_HEALTH_CHECK,11,5,2,867,34336,32,3228,0,3,0,0
SAP_JOB_666,RSBTCDEL_DELETE_OLD_JOBS,13,6,3,288,38217,33,2149,3,1,1,1
SAP_JOB_667,Z_SD_DAILY_SALES_REPORT,7,4,7,1130,42968,43,2186,1,1,1,0
SAP_JOB_668,RSN3_AGGR_REPAIR_BW,17,4,8,2390,60033,13,3802,1,2,0,0
SAP_JOB_669,Z_APO_FORECAST_GENERATION,4,2,7,2556,70261,48,3517,1,1,0,0
SAP_JOB_670,Z_CRM_LEAD_PROCESSING,11,1,7,1459,50012,29,1874,2,3,0,0
SAP_JOB_671,RSMON000_ALERTMONITOR_RUN,9,3,10,1487,44650,91,1320,0,2,0,1
SAP_JOB_672,RSSTAT83_PERF_ANALYSIS,6,7,11,136,82896,37,468,3,2,0,0
SAP_JOB_673,Z_SD_DAILY_SALES_REPORT,15,2,12,8071,0,49,2283,1,1,0,0
SAP_JOB_674,Z_FI_MONTH_END_CLOSING,1,4,7,3084,91955,15,1515,2,1,1,0
SAP_JOB_675,RSCOLL00_STATS_COLLECTOR,4,1,8,6897,97905,18,2679,4,3,0,1
SAP_JOB_676,RSMON000_ALERTMONITOR_RUN,13,6,11,2529,51428,55,293,1,2,0,0
SAP_JOB_677,RSBTCDEL_DELETE_OLD_JOBS,0,7,4,2707,44791,18,2080,3,2,0,0
SAP_JOB_678,Z_XI_MESSAGE_MONITORING,0,4,9,1211,107657,76,1162,1,1,1,0
SAP_JOB_679,Z_BC_SYSTEM_HEALTH_CHECK,6,5,10,298,30288,65,3687,1,1,0,0
SAP_JOB_680,Z_XI_MESSAGE_MONITORING,19,7,6,3580,27973,31,1756,3,3,0,0
SAP_JOB_681,Z_FI_MONTH_END_CLOSING,15,2,8,6303,45754,86,694,0,1,0,0
SAP_JOB_682,Z_XI_MESSAGE_MONITORING,17,4,12,982,50419,29,1961,1,2,0,0
SAP_JOB_683,Z_XI_MESSAGE_MONITORING,4,2,11,324,12138,22,923,3,3,1,0
SAP_JOB_684,Z_CRM_LEAD_PROCESSING,21,6,8,1167,74841,51,3531,0,2,1,0
SAP_JOB_685,Z_FI_MONTH_END_CLOSING,16,3,2,4232,82132,26,1487,1,2,0,0
SAP_JOB_686,Z_BC_SYSTEM_HEALTH_CHECK,11,4,12,520,38662,57,651,3,3,0,0
SAP_JOB_687,RBDAPP01_IDOC_PROCESSING,17,1,10,499,27540,40,2282,0,1,0,0
SAP_JOB_688,RSAL_BATCH_TOOL_DISPATCH,4,7,9,6276,61486,31,3519,0,3,0,0
SAP_JOB_689,RSMON000_ALERTMONITOR_RUN,10,6,8,1227,70669,63,2219,2,2,0,0
SAP_JOB_690,Z_PP_MRP_RUN,5,4,2,8123,71139,68,3721,1,1,0,1
SAP_JOB_691,RSBTCDEL_DELETE_OLD_JOBS,3,7,7,596,60542,20,3173,2,1,0,0
SAP_JOB_692,SAP_CCMS_MONITORING_BATCH,20,3,3,1417,48803,27,2995,1,1,0,0
SAP_JOB_693,Z_HR_PAYROLL_RUN,13,7,1,1084,7872,30,548,1,3,0,0
SAP_JOB_694,Z_HR_PAYROLL_RUN,0,7,10,3779,52709,77,2019,1,3,0,0
SAP_JOB_695,RFBILA00_BALANCE_SHEET,0,4,2,3309,42062,40,3292,0,1,1,0
SAP_JOB_696,Z_SD_DAILY_SALES_REPORT,1,7,4,576,32776,86,3108,1,3,0,0
SAP_JOB_697,RBDAPP01_IDOC_PROCESSING,1,1,11,5312,66092,70,3865,0,3,1,0
SAP_JOB_698,Z_SD_DAILY_SALES_REPORT,6,2,3,2053,51715,70,1883,2,1,0,0
SAP_JOB_699,Z_SD_DAILY_SALES_REPORT,0,1,5,1862,63694,61,4034,2,3,0,0
SAP_JOB_700,RSBTCDEL_DELETE_OLD_JOBS,21,5,9,1132,19705,15,755,0,2,0,0
SAP_JOB_701,Z_HR_PAYROLL_RUN,19,1,8,4361,67242,30,1325,2,3,1,0
SAP_JOB_702,Z_APO_FORECAST_GENERATION,21,4,10,2312,25942,42,2180,0,3,0,0
SAP_JOB_703,Z_PP_MRP_RUN,14,3,1,2864,0,57,958,0,1,1,0
SAP_JOB_704,RSAL_BATCH_TOOL_DISPATCH,10,1,9,1387,72603,97,3275,0,3,0,0
SAP_JOB_705,RBDAPP01_IDOC_PROCESSING,5,1,6,1611,32858,97,3992,1,3,0,0
SAP_JOB_706,Z_BW_DATA_LOAD_DAILY,21,3,10,3014,43820,48,1734,1,1,1,0
SAP_JOB_707,RDDIMPDP_TRANSPORT_IMPORT,22,5,9,1145,32827,11,3557,0,3,0,0
SAP_JOB_708,Z_SD_DAILY_SALES_REPORT,14,5,4,2677,9531,91,1651,1,2,0,0
SAP_JOB_709,Z_FI_MONTH_END_CLOSING,4,3,1,1798,40745,10,2770,0,1,1,0
SAP_JOB_710,SAP_CCMS_MONITORING_BATCH,21,4,2,3247,76413,45,3780,0,3,0,0
SAP_JOB_711,Z_XI_MESSAGE_MONITORING,23,6,10,188,10143,47,2029,2,1,0,0
SAP_JOB_712,Z_HR_PAYROLL_RUN,9,4,11,565,67134,85,2734,0,2,1,0
SAP_JOB_713,Z_FI_MONTH_END_CLOSING,1,1,8,2836,66903,61,2394,0,2,1,0
SAP_JOB_714,RSAL_BATCH_TOOL_DISPATCH,20,3,4,615,49283,31,401,2,3,1,0
SAP_JOB_715,RFBILA00_BALANCE_SHEET,4,1,3,257,0,92,2293,1,2,1,1
SAP_JOB_716,Z_MM_STOCK_RECONCILIATION,1,6,4,108,49101,13,292,2,3,0,0
SAP_JOB_717,RSSTAT83_PERF_ANALYSIS,8,4,3,4058,44727,19,1088,2,3,0,0
SAP_JOB_718,RDDIMPDP_TRANSPORT_IMPORT,22,7,8,102,86764,43,3518,1,1,0,0
SAP_JOB_719,RSMON000_ALERTMONITOR_RUN,8,6,10,7484,44497,45,3060,1,1,1,0
SAP_JOB_720,SAP_CCMS_MONITORING_BATCH,15,3,8,441,18343,10,532,1,1,0,0
SAP_JOB_721,RSMON000_ALERTMONITOR_RUN,13,1,2,1156,57714,19,4021,0,1,0,0
SAP_JOB_722,RSBTCDEL_DELETE_OLD_JOBS,22,5,11,420,55239,37,2089,0,1,0,0
SAP_JOB_723,Z_APO_FORECAST_GENERATION,8,2,8,912,23651,68,3012,0,3,0,0
SAP_JOB_724,RDDIMPDP_TRANSPORT_IMPORT,1,5,1,637,45288,83,1057,2,2,0,0
SAP_JOB_725,RFBILA00_BALANCE_SHEET,11,1,5,784,105602,59,2188,1,2,1,0
SAP_JOB_726,Z_APO_FORECAST_GENERATION,5,3,11,447,39346,77,3772,1,2,0,0
SAP_JOB_727,RSSTAT83_PERF_ANALYSIS,18,1,6,892,11010,84,3741,2,2,1,0
SAP_JOB_728,Z_FI_MONTH_END_CLOSING,8,4,7,2611,15728,82,923,0,1,0,0
SAP_JOB_729,RSMON000_ALERTMONITOR_RUN,7,3,9,1401,17242,63,2983,1,1,0,0
SAP_JOB_730,Z_PP_MRP_RUN,9,7,11,5618,113630,50,2242,2,1,1,0
SAP_JOB_731,Z_FI_MONTH_END_CLOSING,17,6,9,621,43153,28,3015,0,3,1,0
SAP_JOB_732,RSBTCDEL_DELETE_OLD_JOBS,3,1,3,1046,12938,61,2951,1,2,0,0
SAP_JOB_733,RFBILA00_BALANCE_SHEET,20,4,4,4304,95696,20,460,1,1,0,0
SAP_JOB_734,Z_BW_DATA_LOAD_DAILY,9,5,7,1214,0,75,1661,0,2,0,0
SAP_JOB_735,RFBILA00_BALANCE_SHEET,19,7,1,2981,41932,39,1725,0,3,1,0
SAP_JOB_736,RSBTCDEL_DELETE_OLD_JOBS,10,4,3,1362,59013,68,1268,0,2,1,0
SAP_JOB_737,Z_MM_STOCK_RECONCILIATION,11,7,2,808,74726,32,1997,2,3,0,0
SAP_JOB_738,Z_BW_DATA_LOAD_DAILY,13,1,6,792,37937,61,3415,0,2,0,0
SAP_JOB_739,RSN3_AGGR_REPAIR_BW,8,2,9,822,16847,64,316,1,1,1,0
SAP_JOB_740,Z_PP_MRP_RUN,5,6,4,1833,69128,58,1766,1,3,0,0
SAP_JOB_741,RSSTAT83_PERF_ANALYSIS,23,5,3,3714,57763,85,3485,0,3,0,0
SAP_JOB_742,RSMON000_ALERTMONITOR_RUN,22,7,11,4114,44622,60,3379,0,1,0,0
SAP_JOB_743,Z_XI_MESSAGE_MONITORING,7,7,11,2738,46699,77,672,0,3,0,0
SAP_JOB_744,RSAL_BATCH_TOOL_DISPATCH,8,5,12,4081,68023,20,1599,0,2,1,0
SAP_JOB_745,RSAL_BATCH_TOOL_DISPATCH,16,6,1,391,3563,68,2119,1,3,0,0
SAP_JOB_746,Z_CRM_LEAD_PROCESSING,15,1,2,667,50944,53,719,1,3,0,0
SAP_JOB_747,RSMON000_ALERTMONITOR_RUN,9,3,7,1008,70702,32,2883,1,1,0,0
SAP_JOB_748,Z_MM_STOCK_RECONCILIATION,16,2,1,118,32552,22,1275,0,3,0,0
SAP_JOB_749,Z_APO_FORECAST_GENERATION,9,1,11,290,4649,61,3967,1,2,0,0
SAP_JOB_750,Z_CRM_LEAD_PROCESSING,14,6,7,4509,53401,29,3662,0,2,0,0
SAP_JOB_751,Z_HR_PAYROLL_RUN,4,7,3,1148,63769,88,2004,3,2,1,1
SAP_JOB_752,Z_XI_MESSAGE_MONITORING,7,4,6,4331,34670,25,533,0,2,0,0
SAP_JOB_753,Z_CRM_LEAD_PROCESSING,7,6,7,2987,0,95,1513,1,3,0,0
SAP_JOB_754,Z_PP_MRP_RUN,2,1,5,3080,56140,44,2062,1,1,0,0
SAP_JOB_755,RSSTAT83_PERF_ANALYSIS,0,4,5,4518,46669,73,2894,2,1,0,0
SAP_JOB_756,Z_CRM_LEAD_PROCESSING,22,3,9,1988,21423,87,1115,0,1,0,0
SAP_JOB_757,RSSTAT83_PERF_ANALYSIS,20,3,10,303,59644,35,4012,2,2,0,0
SAP_JOB_758,Z_XI_MESSAGE_MONITORING,3,2,9,5207,0,58,965,1,1,1,0
SAP_JOB_759,RFBILA00_BALANCE_SHEET,6,3,7,710,90016,46,526,2,2,1,0
SAP_JOB_760,RSBTCDEL_DELETE_OLD_JOBS,8,3,5,682,0,97,1761,0,1,0,0
SAP_JOB_761,Z_BC_SYSTEM_HEALTH_CHECK,10,5,9,313,8850,80,1242,2,1,1,0
SAP_JOB_762,RDDIMPDP_TRANSPORT_IMPORT,9,4,1,5991,45131,19,1608,1,1,0,0
SAP_JOB_763,Z_APO_FORECAST_GENERATION,1,6,7,1932,49239,33,1946,1,3,1,0
SAP_JOB_764,Z_BC_SYSTEM_HEALTH_CHECK,0,3,2,5401,10099,90,4003,4,1,0,1
SAP_JOB_765,RBDAPP01_IDOC_PROCESSING,14,3,2,1288,98776,56,580,0,2,0,0
SAP_JOB_766,Z_FI_MONTH_END_CLOSING,17,1,5,298,67380,47,2328,0,3,1,0
SAP_JOB_767,RDDIMPDP_TRANSPORT_IMPORT,16,1,8,3796,92360,78,2007,0,1,0,0
SAP_JOB_768,Z_FI_MONTH_END_CLOSING,9,3,1,2217,58091,82,2231,1,1,1,1
SAP_JOB_769,RSAL_BATCH_TOOL_DISPATCH,17,3,11,806,47380,77,1232,0,2,0,0
SAP_JOB_770,Z_SD_DAILY_SALES_REPORT,22,4,6,2308,52343,74,343,1,1,0,0
SAP_JOB_771,Z_APO_FORECAST_GENERATION,18,3,6,583,60368,67,3870,0,2,0,0
SAP_JOB_772,Z_XI_MESSAGE_MONITORING,2,5,5,633,63719,93,3619,1,1,0,0
SAP_JOB_773,RDDIMPDP_TRANSPORT_IMPORT,5,6,5,2552,112946,36,1828,1,1,0,0
SAP_JOB_774,RSBTCDEL_DELETE_OLD_JOBS,12,2,6,2548,26694,53,3171,1,2,0,0
SAP_JOB_775,Z_SD_DAILY_SALES_REPORT,15,3,2,1564,23109,81,1706,1,1,0,0
SAP_JOB_776,RSAL_BATCH_TOOL_DISPATCH,12,3,7,286,12505,91,2876,2,1,1,1
SAP_JOB_777,Z_HR_PAYROLL_RUN,15,6,12,2785,42042,89,2128,2,2,0,0
SAP_JOB_778,RBDAPP01_IDOC_PROCESSING,10,4,11,2314,6302,64,812,0,1,0,0
SAP_JOB_779,Z_SD_DAILY_SALES_REPORT,19,3,1,279,105975,19,1087,0,1,0,0
SAP_JOB_780,RSAL_BATCH_TOOL_DISPATCH,18,5,4,1597,60142,10,2594,0,2,0,0
SAP_JOB_781,Z_PP_MRP_RUN,2,5,3,616,69379,42,1379,0,2,1,0
SAP_JOB_782,Z_CRM_LEAD_PROCESSING,0,6,3,3795,30554,52,2014,1,3,0,0
SAP_JOB_783,Z_APO_FORECAST_GENERATION,22,4,3,1137,65273,70,3829,0,1,1,0
SAP_JOB_784,RSN3_AGGR_REPAIR_BW,11,1,6,3723,85710,42,4000,1,3,0,0
SAP_JOB_785,Z_XI_MESSAGE_MONITORING,19,2,8,125,97164,86,1666,0,2,1,1
SAP_JOB_786,Z_XI_MESSAGE_MONITORING,12,1,2,1192,53031,69,3654,0,2,0,0
SAP_JOB_787,Z_CRM_LEAD_PROCESSING,23,5,7,1500,64087,81,1742,2,1,1,0
SAP_JOB_788,Z_MM_STOCK_RECONCILIATION,3,7,6,4403,10667,25,1172,2,2,1,0
SAP_JOB_789,SAP_CCMS_MONITORING_BATCH,0,2,9,216,57699,99,1928,4,2,0,0
SAP_JOB_790,Z_HR_PAYROLL_RUN,15,7,5,354,50033,41,1727,2,2,1,0
SAP_JOB_791,Z_MM_STOCK_RECONCILIATION,1,3,4,9159,3666,79,2832,1,2,0,0
SAP_JOB_792,Z_CRM_LEAD_PROCESSING,23,4,8,1613,74898,36,428,0,2,1,0
SAP_JOB_793,RBDAPP01_IDOC_PROCESSING,6,1,7,1097,15303,20,2647,1,2,0,0
SAP_JOB_794,RSN3_AGGR_REPAIR_BW,0,2,4,1838,63594,61,352,1,1,0,0
SAP_JOB_795,SAP_CCMS_MONITORING_BATCH,12,2,11,1974,56995,85,2821,1,2,1,0
SAP_JOB_796,RSCOLL00_STATS_COLLECTOR,2,2,9,2754,22871,59,3188,0,3,0,0
SAP_JOB_797,RFBILA00_BALANCE_SHEET,15,7,6,3377,33635,87,1002,0,1,1,0
SAP_JOB_798,RFBILA00_BALANCE_SHEET,19,5,12,2828,48238,81,2999,1,3,0,0
SAP_JOB_799,SAP_CCMS_MONITORING_BATCH,8,1,2,4728,63396,48,1891,0,2,1,0
SAP_JOB_800,Z_PP_MRP_RUN,22,7,2,2052,0,64,3967,0,2,0,0
SAP_JOB_801,Z_BC_SYSTEM_HEALTH_CHECK,16,1,4,1892,32386,59,3060,3,1,0,0
SAP_JOB_802,Z_HR_PAYROLL_RUN,22,7,5,810,84000,28,3535,2,1,1,0
SAP_JOB_803,RSN3_AGGR_REPAIR_BW,7,3,2,1558,13581,35,3849,2,3,1,0
SAP_JOB_804,Z_BC_SYSTEM_HEALTH_CHECK,2,7,8,2791,0,52,2800,2,1,0,0
SAP_JOB_805,Z_SD_DAILY_SALES_REPORT,14,1,9,1339,49823,99,975,0,1,1,0
SAP_JOB_806,RSN3_AGGR_REPAIR_BW,7,4,7,163,96459,92,2910,1,2,0,0
SAP_JOB_807,Z_FI_MONTH_END_CLOSING,15,7,5,412,59606,79,3545,0,1,1,0
SAP_JOB_808,RSSTAT83_PERF_ANALYSIS,0,6,2,400,45118,64,1714,1,3,0,0
SAP_JOB_809,RFBILA00_BALANCE_SHEET,5,5,5,1553,23864,28,795,1,1,0,0
SAP_JOB_810,RSSTAT83_PERF_ANALYSIS,17,1,2,475,23934,74,675,0,1,1,0
SAP_JOB_811,Z_BW_DATA_LOAD_DAILY,0,2,6,6608,81913,27,1349,1,1,0,0
SAP_JOB_812,Z_HR_PAYROLL_RUN,16,2,6,1049,59058,71,693,1,1,0,0
SAP_JOB_813,RSSTAT83_PERF_ANALYSIS,4,7,3,1250,33577,19,833,1,3,1,0
SAP_JOB_814,RSSTAT83_PERF_ANALYSIS,13,6,5,1841,5671,13,3561,2,2,1,0
SAP_JOB_815,Z_MM_STOCK_RECONCILIATION,15,7,8,1309,57728,86,1454,0,1,1,0
SAP_JOB_816,Z_CRM_LEAD_PROCESSING,11,3,3,646,104054,27,480,1,3,0,0
SAP_JOB_817,Z_SD_DAILY_SALES_REPORT,10,7,2,1059,10178,48,3910,1,2,1,0
SAP_JOB_818,SAP_CCMS_MONITORING_BATCH,3,1,4,1167,60124,72,3502,1,2,1,0
SAP_JOB_819,RDDIMPDP_TRANSPORT_IMPORT,2,2,3,382,42100,65,3950,1,2,0,0
SAP_JOB_820,Z_BC_SYSTEM_HEALTH_CHECK,8,6,10,2494,29786,46,961,1,1,1,0
SAP_JOB_821,RFBILA00_BALANCE_SHEET,9,5,8,2073,78726,15,987,1,2,1,0
SAP_JOB_822,Z_CRM_LEAD_PROCESSING,7,3,7,5732,52647,61,3221,1,2,1,1
SAP_JOB_823,Z_PP_MRP_RUN,12,6,3,571,79217,27,3182,1,1,0,0
SAP_JOB_824,RSAL_BATCH_TOOL_DISPATCH,12,6,3,3877,47387,24,1812,2,3,1,0
SAP_JOB_825,Z_MM_STOCK_RECONCILIATION,18,5,8,791,106396,96,2907,2,3,0,0
SAP_JOB_826,RSBTCDEL_DELETE_OLD_JOBS,8,5,10,358,43504,80,2699,1,3,1,0
SAP_JOB_827,Z_MM_STOCK_RECONCILIATION,17,3,5,3061,21822,93,1421,1,3,0,0
SAP_JOB_828,Z_XI_MESSAGE_MONITORING,5,7,8,1003,72768,58,1168,1,2,1,0
SAP_JOB_829,RSSTAT83_PERF_ANALYSIS,1,4,3,230,58000,88,622,0,3,1,0
SAP_JOB_830,Z_HR_PAYROLL_RUN,10,2,7,1865,69322,46,3290,0,1,0,0
SAP_JOB_831,Z_SD_DAILY_SALES_REPORT,6,5,1,5195,54616,50,2665,0,2,0,0
SAP_JOB_832,RSCOLL00_STATS_COLLECTOR,19,2,3,806,23569,39,3797,2,2,0,0
SAP_JOB_833,Z_BC_SYSTEM_HEALTH_CHECK,22,1,2,320,61632,39,3793,1,2,0,0
SAP_JOB_834,RSAL_BATCH_TOOL_DISPATCH,15,4,2,2465,112213,44,1515,2,3,0,0
SAP_JOB_835,Z_FI_MONTH_END_CLOSING,9,7,3,920,26410,83,2332,1,2,1,0
SAP_JOB_836,RSCOLL00_STATS_COLLECTOR,6,6,11,972,11521,98,1214,2,2,0,0
SAP_JOB_837,RSBTCDEL_DELETE_OLD_JOBS,0,2,2,4476,71512,42,317,1,1,1,1
SAP_JOB_838,RSSTAT83_PERF_ANALYSIS,11,7,12,1113,14915,98,341,1,2,0,0
SAP_JOB_839,RDDIMPDP_TRANSPORT_IMPORT,1,3,7,911,28370,26,3667,1,2,1,0
SAP_JOB_840,RDDIMPDP_TRANSPORT_IMPORT,21,2,2,2721,72823,66,2006,0,1,1,0
SAP_JOB_841,Z_BC_SYSTEM_HEALTH_CHECK,15,3,1,1174,51740,79,329,0,2,1,0
SAP_JOB_842,Z_BW_DATA_LOAD_DAILY,10,5,3,273,42307,74,1075,2,3,1,0
SAP_JOB_843,RSSTAT83_PERF_ANALYSIS,3,2,10,3042,9887,23,1273,0,3,0,0
SAP_JOB_844,Z_BC_SYSTEM_HEALTH_CHECK,18,2,7,850,60383,27,3734,1,1,0,0
SAP_JOB_845,Z_XI_MESSAGE_MONITORING,3,3,2,3113,85737,11,2789,1,2,0,0
SAP_JOB_846,RDDIMPDP_TRANSPORT_IMPORT,21,3,10,4264,0,19,901,2,3,1,0
SAP_JOB_847,RSSTAT83_PERF_ANALYSIS,17,5,4,317,4161,57,1655,1,2,0,0
SAP_JOB_848,RFBILA00_BALANCE_SHEET,20,3,2,1452,57289,63,2998,1,1,0,0
SAP_JOB_849,Z_CRM_LEAD_PROCESSING,7,3,7,2253,53696,66,1925,1,3,0,0
SAP_JOB_850,Z_SD_DAILY_SALES_REPORT,18,5,5,932,50375,26,3580,0,2,0,0
SAP_JOB_851,Z_CRM_LEAD_PROCESSING,4,2,10,1048,57824,89,3015,1,3,0,1
SAP_JOB_852,Z_MM_STOCK_RECONCILIATION,17,5,10,2281,33076,72,2520,0,2,1,0
SAP_JOB_853,RFBILA00_BALANCE_SHEET,4,5,12,2730,38887,57,979,0,3,0,0
SAP_JOB_854,Z_FI_MONTH_END_CLOSING,21,2,7,673,19947,34,1513,2,3,0,0
SAP_JOB_855,RBDAPP01_IDOC_PROCESSING,3,6,2,110,35674,65,2071,1,3,0,0
SAP_JOB_856,RBDAPP01_IDOC_PROCESSING,2,7,3,3297,81961,49,2576,3,3,0,0
SAP_JOB_857,SAP_CCMS_MONITORING_BATCH,18,7,10,2240,42258,29,3684,2,2,0,0
SAP_JOB_858,RDDIMPDP_TRANSPORT_IMPORT,3,2,3,168,59335,43,1196,0,3,1,0
SAP_JOB_859,Z_CRM_LEAD_PROCESSING,18,3,12,4772,19205,51,3852,2,1,0,0
SAP_JOB_860,Z_PP_MRP_RUN,7,6,2,565,49482,71,1919,0,1,0,0
SAP_JOB_861,Z_BW_DATA_LOAD_DAILY,18,3,3,1520,37938,51,3706,0,1,1,0
SAP_JOB_862,Z_PP_MRP_RUN,22,1,11,477,34077,18,3693,1,1,0,0
SAP_JOB_863,Z_BC_SYSTEM_HEALTH_CHECK,7,7,6,1219,18400,51,4017,1,3,0,0
SAP_JOB_864,Z_SD_DAILY_SALES_REPORT,15,4,11,154,65611,82,3913,1,2,0,0
SAP_JOB_865,Z_BW_DATA_LOAD_DAILY,23,1,4,120,47848,46,2516,4,3,0,0
SAP_JOB_866,Z_APO_FORECAST_GENERATION,17,3,2,1082,34871,48,3399,0,1,0,0
SAP_JOB_867,SAP_CCMS_MONITORING_BATCH,16,6,12,2322,31765,73,1356,1,3,1,0
SAP_JOB_868,RSSTAT83_PERF_ANALYSIS,3,3,9,233,0,33,559,3,2,0,0
SAP_JOB_869,Z_BW_DATA_LOAD_DAILY,6,5,5,237,80531,47,4026,2,3,1,0
SAP_JOB_870,RSCOLL00_STATS_COLLECTOR,10,1,3,1050,117604,35,3950,1,3,0,0
SAP_JOB_871,RFBILA00_BALANCE_SHEET,0,5,6,1872,36091,17,3736,2,3,0,0
SAP_JOB_872,RSAL_BATCH_TOOL_DISPATCH,14,7,11,563,20650,70,3371,2,2,0,0
SAP_JOB_873,Z_APO_FORECAST_GENERATION,23,1,3,1265,103954,82,2743,0,1,0,0
SAP_JOB_874,RFBILA00_BALANCE_SHEET,7,5,7,2414,56060,23,3002,1,3,0,0
SAP_JOB_875,Z_BW_DATA_LOAD_DAILY,22,1,12,762,98003,21,1683,0,3,1,0
SAP_JOB_876,Z_MM_STOCK_RECONCILIATION,20,7,6,1446,44195,45,2828,0,1,0,0
SAP_JOB_877,RSN3_AGGR_REPAIR_BW,11,4,4,3311,21905,90,3751,2,2,1,0
SAP_JOB_878,Z_HR_PAYROLL_RUN,0,1,3,1205,16646,83,501,0,3,1,0
SAP_JOB_879,RSBTCDEL_DELETE_OLD_JOBS,20,3,2,1303,21008,80,1449,0,1,1,0
SAP_JOB_880,RSAL_BATCH_TOOL_DISPATCH,14,5,3,1443,68260,80,2329,1,3,1,0
SAP_JOB_881,RSCOLL00_STATS_COLLECTOR,6,7,5,1088,83253,52,680,1,1,0,0
SAP_JOB_882,RSMON000_ALERTMONITOR_RUN,11,1,8,3496,0,89,1331,2,3,1,0
SAP_JOB_883,RSBTCDEL_DELETE_OLD_JOBS,20,7,10,2376,79451,24,489,3,3,1,0
SAP_JOB_884,RSAL_BATCH_TOOL_DISPATCH,10,3,7,264,0,89,1832,1,2,0,0
SAP_JOB_885,Z_BW_DATA_LOAD_DAILY,10,5,2,2253,46088,18,2515,0,2,1,0
SAP_JOB_886,RSBTCDEL_DELETE_OLD_JOBS,16,7,7,4236,52389,56,514,1,3,0,1
SAP_JOB_887,Z_SD_DAILY_SALES_REPORT,4,1,9,1013,98014,74,642,0,1,1,0
SAP_JOB_888,Z_FI_MONTH_END_CLOSING,7,4,9,1148,17093,83,915,1,1,1,1
SAP_JOB_889,RSN3_AGGR_REPAIR_BW,7,6,12,2946,74661,38,526,1,3,0,0
SAP_JOB_890,Z_CRM_LEAD_PROCESSING,19,4,2,3316,12251,81,2578,1,1,0,0
SAP_JOB_891,RSN3_AGGR_REPAIR_BW,2,3,3,5976,25732,24,2698,2,1,0,0
SAP_JOB_892,RSBTCDEL_DELETE_OLD_JOBS,1,5,7,1876,102176,53,2162,2,1,0,0
SAP_JOB_893,RFBILA00_BALANCE_SHEET,9,5,2,1237,18157,15,2578,0,3,0,0
SAP_JOB_894,Z_BW_DATA_LOAD_DAILY,14,7,7,151,138826,76,1414,0,3,0,0
SAP_JOB_895,RSSTAT83_PERF_ANALYSIS,4,7,4,13723,74072,52,1162,1,2,0,0
SAP_JOB_896,RBDAPP01_IDOC_PROCESSING,6,2,1,1217,12551,37,1353,0,2,1,0
SAP_JOB_897,RSAL_BATCH_TOOL_DISPATCH,11,3,1,5359,75095,19,3925,0,1,0,0
SAP_JOB_898,Z_XI_MESSAGE_MONITORING,14,6,11,2671,31455,57,372,2,1,0,0
SAP_JOB_899,Z_BC_SYSTEM_HEALTH_CHECK,16,5,2,597,76955,39,3531,2,2,0,0
SAP_JOB_900,RSCOLL00_STATS_COLLECTOR,9,4,8,761,0,52,775,1,3,0,0
SAP_JOB_901,RSMON000_ALERTMONITOR_RUN,18,4,9,423,19003,76,580,0,3,1,0
SAP_JOB_902,RSBTCDEL_DELETE_OLD_JOBS,13,4,11,996,34497,72,2712,1,2,0,0
SAP_JOB_903,RSAL_BATCH_TOOL_DISPATCH,10,6,5,3240,11344,86,1876,1,1,1,0
SAP_JOB_904,SAP_CCMS_MONITORING_BATCH,22,6,5,928,40118,23,3243,0,2,1,0
SAP_JOB_905,Z_XI_MESSAGE_MONITORING,18,7,8,132,32642,44,2612,0,2,1,0
SAP_JOB_906,Z_BW_DATA_LOAD_DAILY,19,4,8,394,17602,92,2219,0,3,1,0
SAP_JOB_907,RSAL_BATCH_TOOL_DISPATCH,21,6,5,1576,50587,43,3195,2,2,0,0
SAP_JOB_908,SAP_CCMS_MONITORING_BATCH,19,5,4,853,2924,33,2005,0,3,1,0
SAP_JOB_909,Z_SD_DAILY_SALES_REPORT,12,5,6,3789,42773,62,3199,0,3,0,0
SAP_JOB_910,Z_XI_MESSAGE_MONITORING,6,7,5,3301,31440,22,3745,1,2,0,0
SAP_JOB_911,RSSTAT83_PERF_ANALYSIS,9,2,9,2214,85603,19,1316,1,1,0,0
SAP_JOB_912,RSN3_AGGR_REPAIR_BW,7,7,5,233,107360,80,1018,3,2,1,0
SAP_JOB_913,Z_CRM_LEAD_PROCESSING,2,7,12,2326,84921,14,1766,1,3,1,0
SAP_JOB_914,Z_XI_MESSAGE_MONITORING,13,1,10,5672,52852,53,2233,0,2,0,0
SAP_JOB_915,Z_BC_SYSTEM_HEALTH_CHECK,1,3,8,1461,75446,18,958,0,2,1,0
SAP_JOB_916,SAP_CCMS_MONITORING_BATCH,1,5,11,141,65220,87,3869,1,2,1,0
SAP_JOB_917,RSCOLL00_STATS_COLLECTOR,23,6,6,585,0,90,3032,3,1,0,0
SAP_JOB_918,RFBILA00_BALANCE_SHEET,5,3,1,111,83303,69,2794,1,2,0,0
SAP_JOB_919,Z_CRM_LEAD_PROCESSING,19,5,8,1086,58861,43,2539,1,3,0,0
SAP_JOB_920,Z_XI_MESSAGE_MONITORING,22,3,6,3590,50969,89,3133,1,3,1,0
SAP_JOB_921,RSMON000_ALERTMONITOR_RUN,9,6,5,582,58301,96,2805,0,3,0,0
SAP_JOB_922,RSBTCDEL_DELETE_OLD_JOBS,20,1,7,513,93587,77,4060,1,1,0,0
SAP_JOB_923,Z_BC_SYSTEM_HEALTH_CHECK,21,5,7,1032,0,54,1130,2,3,0,0
SAP_JOB_924,RSN3_AGGR_REPAIR_BW,18,4,2,1537,113537,73,1788,1,3,0,0
SAP_JOB_925,RSBTCDEL_DELETE_OLD_JOBS,7,5,4,5474,31543,46,2289,2,2,0,0
SAP_JOB_926,RSAL_BATCH_TOOL_DISPATCH,8,3,5,1832,23675,66,3922,0,1,0,0
SAP_JOB_927,Z_BW_DATA_LOAD_DAILY,0,6,3,2251,7787,60,3730,2,2,1,0
SAP_JOB_928,Z_BW_DATA_LOAD_DAILY,6,5,7,956,22884,18,3644,1,2,1,0
SAP_JOB_929,Z_FI_MONTH_END_CLOSING,0,6,8,1223,91880,27,1985,1,2,0,0
SAP_JOB_930,Z_BC_SYSTEM_HEALTH_CHECK,1,2,7,336,21869,32,3901,0,3,1,0
SAP_JOB_931,RFBILA00_BALANCE_SHEET,15,7,6,684,8976,22,875,0,1,1,0
SAP_JOB_932,RBDAPP01_IDOC_PROCESSING,10,6,3,1024,74840,32,1998,1,3,1,0
SAP_JOB_933,Z_PP_MRP_RUN,0,7,10,2745,71046,86,373,1,1,0,1
SAP_JOB_934,Z_FI_MONTH_END_CLOSING,23,7,5,4213,35490,32,1429,1,3,0,0
SAP_JOB_935,Z_BW_DATA_LOAD_DAILY,15,2,8,412,42598,74,1605,0,1,0,0
SAP_JOB_936,SAP_CCMS_MONITORING_BATCH,6,7,3,185,80601,53,658,1,3,1,0
SAP_JOB_937,RSBTCDEL_DELETE_OLD_JOBS,6,5,1,4569,110647,20,1417,3,1,0,0
SAP_JOB_938,Z_FI_MONTH_END_CLOSING,13,4,1,3278,93516,36,3729,2,2,0,0
SAP_JOB_939,Z_PP_MRP_RUN,7,7,9,230,46302,11,1089,1,2,0,0
SAP_JOB_940,Z_XI_MESSAGE_MONITORING,11,3,10,572,16824,43,2504,0,2,1,0
SAP_JOB_941,Z_PP_MRP_RUN,9,1,11,477,26803,74,620,0,3,0,0
SAP_JOB_942,Z_SD_DAILY_SALES_REPORT,16,5,4,545,70968,17,2188,0,1,0,0
SAP_JOB_943,RSBTCDEL_DELETE_OLD_JOBS,23,2,9,2652,31128,22,1860,0,1,1,0
SAP_JOB_944,Z_BC_SYSTEM_HEALTH_CHECK,19,2,12,1411,65871,71,2739,0,2,0,0
SAP_JOB_945,Z_HR_PAYROLL_RUN,3,6,8,1393,35793,12,3696,0,2,1,0
SAP_JOB_946,Z_PP_MRP_RUN,11,6,5,1718,87606,33,1570,2,2,0,0
SAP_JOB_947,Z_XI_MESSAGE_MONITORING,23,4,6,1300,101189,52,3083,1,3,1,0
SAP_JOB_948,Z_PP_MRP_RUN,19,4,7,1310,26751,15,1043,0,3,0,0
SAP_JOB_949,Z_XI_MESSAGE_MONITORING,21,3,6,399,91042,27,414,1,1,0,0
SAP_JOB_950,Z_APO_FORECAST_GENERATION,14,6,3,2932,23365,24,1210,2,3,0,0
SAP_JOB_951,RSN3_AGGR_REPAIR_BW,17,2,8,1575,24209,25,3766,0,1,1,0
SAP_JOB_952,RSBTCDEL_DELETE_OLD_JOBS,14,4,6,4574,89263,71,1912,3,2,0,0
SAP_JOB_953,Z_XI_MESSAGE_MONITORING,13,7,2,1805,51614,89,1102,2,3,1,1
SAP_JOB_954,Z_BC_SYSTEM_HEALTH_CHECK,0,7,5,3848,100218,35,2625,1,3,0,0
SAP_JOB_955,Z_SD_DAILY_SALES_REPORT,0,1,10,1720,51045,62,490,1,3,0,0
SAP_JOB_956,RFBILA00_BALANCE_SHEET,1,5,2,1341,39924,47,462,2,1,0,0
SAP_JOB_957,Z_BW_DATA_LOAD_DAILY,1,6,11,2341,60758,68,856,1,3,0,0
SAP_JOB_958,RFBILA00_BALANCE_SHEET,18,3,10,618,33290,62,2745,1,2,1,0
SAP_JOB_959,Z_HR_PAYROLL_RUN,18,1,6,2570,76341,33,3067,0,2,0,0
SAP_JOB_960,Z_FI_MONTH_END_CLOSING,15,7,8,4073,135359,60,1389,1,3,0,0
SAP_JOB_961,Z_HR_PAYROLL_RUN,0,7,10,196,40721,16,4039,2,1,1,0
SAP_JOB_962,Z_HR_PAYROLL_RUN,21,1,4,1440,65409,90,1182,0,2,0,0
SAP_JOB_963,Z_BC_SYSTEM_HEALTH_CHECK,20,7,6,281,0,63,1299,1,1,1,0
SAP_JOB_964,RSMON000_ALERTMONITOR_RUN,15,6,6,3693,4429,22,669,0,3,0,0
SAP_JOB_965,RSAL_BATCH_TOOL_DISPATCH,1,5,2,5271,92406,52,3384,2,2,1,0
SAP_JOB_966,RFBILA00_BALANCE_SHEET,15,6,6,320,31496,93,2316,0,1,0,0
SAP_JOB_967,RSN3_AGGR_REPAIR_BW,19,1,4,4470,9560,95,1429,1,1,0,0
SAP_JOB_968,RSBTCDEL_DELETE_OLD_JOBS,0,7,2,2402,90965,18,285,3,2,1,0
SAP_JOB_969,Z_MM_STOCK_RECONCILIATION,22,4,6,1902,48301,14,4047,1,2,0,0
SAP_JOB_970,Z_FI_MONTH_END_CLOSING,8,5,3,324,54107,29,1239,1,3,0,0
SAP_JOB_971,Z_BW_DATA_LOAD_DAILY,1,3,7,1349,0,49,3300,0,2,0,0
SAP_JOB_972,RBDAPP01_IDOC_PROCESSING,13,6,7,151,52841,53,2078,1,2,0,0
SAP_JOB_973,Z_SD_DAILY_SALES_REPORT,19,2,2,1607,35045,71,2931,0,3,1,0
SAP_JOB_974,Z_XI_MESSAGE_MONITORING,11,4,12,478,89997,67,3581,0,1,1,0
SAP_JOB_975,RSSTAT83_PERF_ANALYSIS,10,1,9,168,25154,76,476,0,3,0,0
SAP_JOB_976,Z_CRM_LEAD_PROCESSING,4,7,7,168,68296,56,3392,3,1,0,0
SAP_JOB_977,Z_FI_MONTH_END_CLOSING,4,2,5,4369,48802,93,1799,1,2,0,0
SAP_JOB_978,Z_MM_STOCK_RECONCILIATION,3,1,11,846,69413,31,1641,2,2,1,0
SAP_JOB_979,Z_PP_MRP_RUN,8,3,5,433,19584,67,3829,0,3,0,0
SAP_JOB_980,RSCOLL00_STATS_COLLECTOR,12,2,2,373,30795,96,3693,1,2,0,0
SAP_JOB_981,RDDIMPDP_TRANSPORT_IMPORT,3,7,8,474,94512,43,3388,0,3,1,0
SAP_JOB_982,Z_HR_PAYROLL_RUN,7,1,8,1135,63616,43,1104,1,2,1,0
SAP_JOB_983,Z_APO_FORECAST_GENERATION,18,1,5,1076,48542,44,1042,2,1,1,0
SAP_JOB_984,RSMON000_ALERTMONITOR_RUN,14,2,11,4993,75755,47,1996,3,2,0,0
SAP_JOB_985,RSMON000_ALERTMONITOR_RUN,20,7,8,3679,30783,38,1030,0,1,0,0
SAP_JOB_986,RSN3_AGGR_REPAIR_BW,15,2,5,5196,73636,48,3321,1,1,0,0
SAP_JOB_987,RDDIMPDP_TRANSPORT_IMPORT,23,6,1,2829,42557,54,299,0,2,1,0
SAP_JOB_988,Z_XI_MESSAGE_MONITORING,18,5,11,448,93067,56,2923,0,3,0,0
SAP_JOB_989,Z_XI_MESSAGE_MONITORING,16,4,9,5017,0,22,1282,1,2,0,1
SAP_JOB_990,RSBTCDEL_DELETE_OLD_JOBS,2,6,3,1099,42728,12,2994,0,3,0,0
SAP_JOB_991,Z_MM_STOCK_RECONCILIATION,6,5,4,2614,84474,20,3324,4,2,0,0
SAP_JOB_992,Z_BW_DATA_LOAD_DAILY,7,2,2,1481,28961,34,650,1,2,1,0
SAP_JOB_993,RSN3_AGGR_REPAIR_BW,4,2,12,3541,23725,66,1817,0,3,1,0
SAP_JOB_994,RBDAPP01_IDOC_PROCESSING,5,3,2,2693,120942,12,381,1,3,0,0
SAP_JOB_995,Z_FI_MONTH_END_CLOSING,21,6,9,5499,55851,46,1521,0,3,1,0
SAP_JOB_996,Z_BW_DATA_LOAD_DAILY,11,3,10,266,55879,62,1480,0,1,1,0
SAP_JOB_997,RSMON000_ALERTMONITOR_RUN,10,3,8,2110,31940,15,4020,1,2,1,0
SAP_JOB_998,RSSTAT83_PERF_ANALYSIS,6,7,2,1642,3611,53,648,2,1,0,0
SAP_JOB_999,Z_MM_STOCK_RECONCILIATION,16,1,9,2979,89725,75,3871,0,2,1,0
